# --------------------------------------------------------
# Host:                         186.202.13.20	
# Server version:               5.1.54-rel12.6-log
# Server OS:                    unknown-linux-gnu
# HeidiSQL version:             6.0.0.3603
# Date/time:                    2011-11-20 16:02:45
# --------------------------------------------------------

/*!40101 SET @OLD_CHARACTER_SET_CLIENT=@@CHARACTER_SET_CLIENT */;
/*!40101 SET NAMES utf8 */;
/*!40014 SET @OLD_FOREIGN_KEY_CHECKS=@@FOREIGN_KEY_CHECKS, FOREIGN_KEY_CHECKS=0 */;
/*!40101 SET @OLD_SQL_MODE=@@SQL_MODE, SQL_MODE='NO_AUTO_VALUE_ON_ZERO' */;

# Dumping database structure for marketingpolit
CREATE DATABASE IF NOT EXISTS `marketingpolit` /*!40100 DEFAULT CHARACTER SET utf8 */;
USE `marketingpolit`;


# Dumping structure for table marketingpolit.cliente
CREATE TABLE IF NOT EXISTS `cliente` (
  `id` int(11) NOT NULL AUTO_INCREMENT,
  `nome` varchar(150) NOT NULL,
  `email` varchar(150) NOT NULL,
  `endereco` text NOT NULL,
  `cidade` varchar(100) NOT NULL,
  `estado` varchar(10) NOT NULL,
  `pais` varchar(100) NOT NULL,
  `cep` varchar(20) NOT NULL,
  `tipo` varchar(20) NOT NULL,
  `instituicao` varchar(150) DEFAULT NULL,
  `empresa` varchar(100) DEFAULT NULL,
  `celular` varchar(20) NOT NULL,
  `data_nasc` date NOT NULL,
  `data_inscricao` datetime NOT NULL,
  `confirma_pagamento` int(11) NOT NULL,
  `data_confirma_pagamento` datetime DEFAULT NULL,
  `twitter` varchar(100) DEFAULT NULL,
  `cpf` varchar(20) NOT NULL,
  `rg` varchar(20) NOT NULL,
  `tipo_participacao` varchar(20) NOT NULL,
  `usuario_id_deletado` int(11) NOT NULL,
  `deletado` int(11) NOT NULL,
  `data_deletado` datetime NOT NULL,
  `grupo_id` int(11) NOT NULL,
  `grupo_nome` varchar(50) NOT NULL,
  PRIMARY KEY (`id`)
) ENGINE=InnoDB AUTO_INCREMENT=345 DEFAULT CHARSET=utf8;

# Dumping data for table marketingpolit.cliente: ~65 rows (approximately)
/*!40000 ALTER TABLE `cliente` DISABLE KEYS */;
REPLACE INTO `cliente` (`id`, `nome`, `email`, `endereco`, `cidade`, `estado`, `pais`, `cep`, `tipo`, `instituicao`, `empresa`, `celular`, `data_nasc`, `data_inscricao`, `confirma_pagamento`, `data_confirma_pagamento`, `twitter`, `cpf`, `rg`, `tipo_participacao`, `usuario_id_deletado`, `deletado`, `data_deletado`, `grupo_id`, `grupo_nome`) VALUES
	(271, 'Darlan Ribeiro de Oliveira', 'darlan.r.o@hotmail.com', 'Rua Virgilio Deusdara, 58', 'Teresina', 'Piauí', 'Brasil', '64.770-000', 'profissional', NULL, 'SaoRaimundo.com - www.saoraimundo.com', '(89) 9402-6177', '2011-04-05', '2011-09-13 22:03:20', 0, NULL, 'darlanribeiropi', '022.313.193-81', '2688295', 'inscrito', 0, 0, '2011-09-13 22:03:20', 1, 'Curso Marketing Politico'),
	(272, 'DENISE ALMEIDA RIBEIRO SILVA', 'exactapesquisa@hotmail.com', 'AV. HERÓIS DO ACRE 168 - PASSARÉ', 'FORTALEZA', 'CEARÁ', 'Brasil', '60.743-760', 'profissional', NULL, 'EXACTA INSTITUTO DE PESQUISA E CONSULTORIA LTDA', '(85) 9932-4784', '1966-11-07', '2011-09-14 10:29:07', 1, '2011-10-24 22:26:24', 'ExactaPesquisa', '316.277.903-06', '2006010090193', 'inscrito', 0, 0, '2011-09-14 10:29:07', 1, 'Curso Marketing Politico'),
	(273, 'Flávio Marcos Moura e Silva', 'flaviomoura.jornalismo@hotmail.com', 'Quadra 74 Casa 19', 'Teresina', 'Piauí', 'Brasil', '64.020-390', 'profissional', NULL, 'Secretaria de Estado da Saúde (Sesapi)', '(86) 8821-9397', '1988-10-14', '2011-09-14 11:50:35', 0, NULL, 'flaviomouraa', '034.964.723-24', '2635457', 'inscrito', 0, 0, '2011-09-14 11:50:35', 1, 'Curso Marketing Politico'),
	(274, 'Jone Clay Macedo', 'joneclaymacedo@hotmail.com', 'Rua Félix Pacheco, 1296', 'Teresina', 'Piauí', 'Brasil', '64.001-100', 'estudante', 'Faculdade Santo Agostinho', NULL, '(86) 8858-0248', '1975-11-27', '2011-09-15 08:53:16', 0, NULL, 'joneclaymacedo', '703.477.943-00', '1676107', 'inscrito', 0, 0, '2011-09-15 08:53:16', 1, 'Curso Marketing Politico'),
	(275, 'Cláudia Nunes Temporim', 'autoplacas@live.com', 'Av Jeronimo de Albuquerque 67', 'São Luis ', 'Maranhão', 'Brasil', '', 'profissional', NULL, 'Auto Placas Impressão Digital', '(98) 8861-2824', '0000-00-00', '2011-09-15 13:30:53', 0, NULL, '', '098.256.587-97', '1833091ES', 'inscrito', 0, 0, '2011-09-15 13:30:53', 1, 'Curso Marketing Politico'),
	(277, 'JOÃO DIAS RIBEIRO', 'varzeabranca@bol.com.br', 'Rua Júlia Dias Ribeiro, 06 - Centro', 'Varzea Branca', 'Piauí', 'Brasil', '64.773-000', 'profissional', NULL, 'Prefeitura de Varzea Branca', '(89) 8104-0126', '1969-02-24', '2011-09-16 09:17:34', 1, '2011-10-04 21:18:51', '', '350.388.533-15', '1.024.247', 'inscrito', 0, 0, '2011-09-16 09:17:34', 1, 'Curso Marketing Politico'),
	(278, 'Denise Carvalho Ferreira', 'dallas.comunicacao@hotmail.com', 'Rua Basílio Bezerra, 2475 - Planalto Ininga', 'Teresina', 'Piauí', 'Brasil', '64.052-630', 'profissional', NULL, 'Dallas Comunicação', '(86) 8814-0083', '1986-12-01', '2011-09-16 16:41:42', 1, '2011-11-09 10:44:28', '', '012.172.743-24', '2.184.539', 'inscrito', 0, 0, '2011-09-16 16:41:42', 1, 'Curso Marketing Politico'),
	(283, 'TIAGO MENDES VASCONCELOS', 'tiago.m.vasconcelos@hotmail.com', 'RUA 21 DE ABRIL, 1998', 'Teresina', 'Piauí', 'Brasil', '64.019-300', 'estudante', 'UNIVERSIDADE ESTADUAL DO PIAUÍ', NULL, '(86) 8848-5140', '1983-08-27', '2011-09-21 00:59:44', 1, '2011-11-09 10:50:29', 'TiagoMendeV', '973.412.313-00', '2005806', 'inscrito', 0, 0, '2011-09-21 00:59:44', 1, 'Curso Marketing Politico'),
	(284, 'FABIO HERNANDEZ DE O SOUSA', 'HERNANDEZ_FAB@HOTMAIL.COM', 'RUA, CORIOLANO MILHOMEM, 426, CENTRO', 'IMPERATRIZ', 'MARANHÃO', 'Brasil', '65.900-330', 'profissional', NULL, 'ADVOGADO', '(99) 9128-4266', '1980-05-08', '2011-09-21 09:25:21', 0, NULL, '', '632.605.653-53', '965708985', 'inscrito', 1, 1, '2011-11-09 10:44:46', 1, 'Curso Marketing Politico'),
	(285, 'Kartegiane do Nascimento Oliveira', 'kartegiane@urbanaoutdoor.com.br', 'Avenida Frei Serafim, 3147', 'Teresina', 'Piauí', 'Brasil', '64.001-020', 'estudante', 'Iest-Pi', NULL, '(86) 9982-6975', '1981-07-08', '2011-09-21 16:01:19', 0, NULL, 'kartegiane', '932.366.203-82', '1.952.278', 'inscrito', 0, 0, '2011-09-21 16:01:19', 1, 'Curso Marketing Politico'),
	(287, 'MARINA ARAUJO GURGEL', 'marinagurgel@hotmail.com', 'RUA WALDERY UCHÔA', 'FORTALEZA', 'CEARÁ', 'Brasil', '60.020-110', 'estudante', 'FACULDADE CATÓLICA DO CEARÁ', NULL, '(85) 8832-3133', '1989-04-25', '2011-09-22 08:32:01', 0, NULL, 'gurgelmarina', '001.683.033-45', '2001002150084', 'inscrito', 0, 0, '2011-09-22 08:32:01', 1, 'Curso Marketing Politico'),
	(291, 'ELISEU KESSLER', 'eliseukessler@bol.com.br', 'RUA CHARQUEADA, 165 MORADA DO CAMPO - CAMPO GRANDE', 'RIO DE JANEIRO', 'RJ', 'Brasil', '23.040-030', 'profissional', NULL, 'EMPRESA', '(21) 8604-7718', '1968-08-17', '2011-09-23 10:13:28', 1, '2011-10-09 21:17:00', '', '011.580.777-26', '1995122588', 'inscrito', 0, 0, '2011-09-23 10:13:28', 1, 'Curso Marketing Politico'),
	(292, 'Danubio Camara Ferreira', 'danubio-82@hotmail.com', 'Folha 26 Quadra 03 ote 09 Nova Marabá	', 'Teresina', 'Piauí', 'Brasil', '68.509-020', 'profissional', NULL, 'Tarumã	', '(94) 9159-7228', '0000-00-00', '2011-09-23 15:59:08', 1, '2011-10-10 21:20:23', '', '889.214.332-87', '4604588', 'inscrito', 0, 0, '2011-09-23 15:59:08', 1, 'Curso Marketing Politico'),
	(293, 'MARIA DE FATIMA CARVALHO DE SOUSA', 'fatimacarvalho1@yahoo.ccom.br', 'RUA JOAQUIM DIAS DE SANTANA,3490 BAIRRO:TRES ANDARES', 'Teresina', 'Piauí', 'Brasil', '64.016-590', 'profissional', NULL, 'APPM', '(86) 9926-4981', '1980-05-01', '2011-09-23 17:25:16', 0, NULL, '', '004.684.993-93', '1538809', 'inscrito', 1, 1, '2011-11-09 10:45:23', 1, 'Curso Marketing Politico'),
	(294, 'Luzia Eduarda das Neves Cruz', 'eduarda_cruz@hotmail.com', 'RUA NOSSA SENHORA DE LOURDES, Nº 632', 'Teresina', 'Piauí', 'Brasil', '64.019-160', 'profissional', NULL, 'microserv', '(86) 9954-2860', '0000-00-00', '2011-09-23 22:05:45', 0, NULL, '', '789.414.233-68', '1602166', 'inscrito', 0, 0, '2011-09-23 22:05:45', 1, 'Curso Marketing Politico'),
	(295, 'DONATO ARAUJO SILVA', 'donatoasilva@hotmail.com', 'Rua Ivan Tito de Oliveira,2482-LOURIVAL PARENTE', 'Teresina', 'Piauí', 'Brasil', '64.023-500', 'estudante', 'UNISA - PÓLO TERESINA', NULL, '(86) 9804-7100', '1960-05-22', '2011-09-26 13:48:28', 0, NULL, '', '229.029.883-20', '364693', 'inscrito', 0, 0, '2011-09-26 13:48:28', 1, 'Curso Marketing Politico'),
	(296, 'Gabrielle Laysla Alves da Silva', 'gabi_laysla@msn.com', 'Av. Manoel Borba', 'Recife', 'PE', 'Brasil', '50700-000', 'estudante', 'Faculdade Maurício de Nassau', NULL, '(87) 9918-2521', '1990-12-05', '2011-09-26 15:12:11', 0, NULL, 'gabilaysla', '085.232.124-42', '8285021', 'inscrito', 0, 0, '2011-09-26 15:12:11', 1, 'Curso Marketing Politico'),
	(298, 'mauro alves dos reis', 'mauroamw@hotmail.com', 'Rua Gaston de Greslan  2290, Parque Alvorada', 'Teresina', 'Piauí', 'Brasil', '64.004-450', 'profissional', NULL, 'AMW - Propanda e Marketing Públicitário', '(86) 9482-8454', '1972-05-02', '2011-09-28 15:58:44', 0, NULL, '', '478.938.693-72', '1.216.113', 'inscrito', 0, 0, '2011-09-28 15:58:44', 1, 'Curso Marketing Politico'),
	(299, 'Cleber de Deus Pereira da Silva', 'dideus@superig.com.br', 'Rua Miosótis, 1444 Bairro Ininga Bloco A Ap 203', 'Teresina', 'Piauí', 'Brasil', '64.048-130', 'profissional', NULL, 'Universidade Federal do Piauí - UFPI', '(86) 9925-2004', '1972-04-30', '2011-09-29 11:53:23', 0, NULL, 'dideuscleber', '343.154.703-68', '933 593', 'inscrito', 0, 0, '2011-09-29 11:53:23', 1, 'Curso Marketing Politico'),
	(300, 'Pedro Osterno da Silva', 'roger.13@uol.com.br', 'Rua Roldão Castelo Branco', 'Teresina', 'Piauí', 'Brasil', '64.046-520', 'profissional', NULL, 'AGESPISA', '(86) 8861-8613', '0000-00-00', '2011-09-29 21:41:59', 1, '2011-10-15 21:18:33', '', '258.428.547-91', '1655276', 'inscrito', 0, 0, '2011-09-29 21:41:59', 1, 'Curso Marketing Politico'),
	(301, 'Rogério Batista Osterno', 'roger.b13@hotmail.com', 'Rua Roldão Castelo Branco', 'Teresina', 'Piauí', 'Brasil', '64.046-520', 'estudante', 'UFPI', NULL, '(86) 8861-8613', '1986-03-13', '2011-09-29 22:37:51', 1, '2011-11-09 10:45:50', '', '018.023.843-40', '2282174', 'inscrito', 0, 0, '2011-09-29 22:37:51', 1, 'Curso Marketing Politico'),
	(302, 'George Negreiros', 'georgenegreiros@hotmail.com', 'Rua 07 de Setembro - 34 - Centro', 'Currais Novos', 'RN', 'Brasil', '59.380-000', 'profissional', NULL, 'GENE - COMUNICAÇÃO E MARKETING', '(84) 8884-3327', '1973-07-05', '2011-10-01 14:07:53', 0, NULL, '', '912.750.594-49', '1323635', 'inscrito', 0, 0, '2011-10-01 14:07:53', 1, 'Curso Marketing Politico'),
	(303, 'marina lopes brasil', 'marinabrasil30@bol.com.br', 'avenida tiuba ', 'timon', 'Maranhão', 'Brasil', '65634400', 'estudante', 'Fatepi - Faculdade de Tecnologia do Piaui', NULL, '86 88168435', '1989-03-30', '2011-10-03 09:50:14', 0, NULL, '', '03423539348', '5029875', 'inscrito', 1, 1, '2011-11-09 10:45:37', 1, 'Curso Marketing Politico'),
	(304, 'Humberto de Oliveira Ferreira', 'betoferreira_@hotmail.com', 'travessa bela vista', 'Caxias ', 'Maranhão', 'Brasil', '65.600-180', 'profissional', NULL, 'editor de imagens / TV DIFUSORA CAXIAS', '(99) 8823-7123', '1979-01-26', '2011-10-06 08:56:33', 0, NULL, '', '772.143.903-53', '1.512.148', 'inscrito', 1, 1, '2011-11-09 10:44:59', 1, 'Curso Marketing Politico'),
	(312, 'Lucyana de Araújo Santos Ribeiro', 'lucyana2012@gmail.com', 'Qda 18 Bloco 3, apto 103, Morada Nova', 'Teresina', 'Piauí', 'Brasil', '64.022-350', 'profissional', NULL, 'Assessoria Parlamentar', '(86) 3133-3154', '0000-00-00', '2011-10-10 12:14:56', 0, NULL, '', '750.159.513-53', '2.111.951', 'inscrito', 0, 0, '2011-10-10 12:14:56', 1, 'Curso Marketing Politico'),
	(313, 'ADRIANA FERREIRA FÉLIX ', 'adferlix@gmail.com', 'RUA LUIS DOMINGUES, 2137, ENTRONCAMENTO', 'IMPERATRIZ', 'MARANHÃO', 'Brasil', '65.900-000', 'profissional', NULL, 'CEPP - CONSULTORIA EMPRESARIAL PARTIDARIA E POLITICA', '(99) 9154-2426', '1986-09-12', '2011-10-13 12:54:35', 0, NULL, '', '010.136.333-85', '192276620015', 'inscrito', 0, 0, '2011-10-13 12:54:35', 1, 'Curso Marketing Politico'),
	(314, 'Ronaldo Silva Gomes', 'ronaldosgomes@bol.com.br', 'Avenida César Marques', 'São Luís', 'Maranhão', 'Brasil', '65.000-050', 'profissional', NULL, 'Revista Caras e Nomes', '(98) 9604-7957', '1973-09-24', '2011-10-15 10:27:51', 1, '2011-11-09 10:46:13', '', '455.273.182-34', '791629970', 'inscrito', 0, 0, '2011-10-15 10:27:51', 1, 'Curso Marketing Politico'),
	(315, 'Leonardo ', 'leomcostta@hotmail.com', 'Quadra 15 Casa 16 Renascença I', 'Teresina', 'Piauí', 'Brasil', '64.082-010', 'estudante', 'Instituto de Ensino Superior de Teresina', NULL, '(86) 9968-1113', '1989-04-13', '2011-10-15 15:43:00', 0, NULL, 'leonardo_mgc', '030.412.533-48', 'Leonardo Magalhães d', 'inscrito', 1, 1, '2011-11-09 10:45:09', 1, 'Curso Marketing Politico'),
	(316, 'RAWGNAN IZIDORIO DE MORAIS', 'rawgnelly@hotmail.com', 'AV. CASTELO BRANCO', 'AV. CASTELO BRANCO', 'MARANHAO', 'Brasil', '65.393-000', 'profissional', NULL, 'PROFESSOR', '(98) 8131-1951', '1983-07-05', '2011-10-17 11:09:39', 0, NULL, '', '954.997.333-68', '1213505990', 'inscrito', 0, 0, '2011-10-17 11:09:39', 1, 'Curso Marketing Politico'),
	(317, 'jonas santos de souza', 'jonas.acritica9@gmail.com', 'Rua Rui Araujo, 105 São Benedito', 'Parintins', 'Amazonas', 'Brasil', '69.151-560', 'profissional', NULL, 'Lead Comunicações ', '(92) 9229-8831', '1970-08-03', '2011-10-17 16:00:35', 0, NULL, '', '346.557.002-20', '0930430-4', 'inscrito', 0, 0, '2011-10-17 16:00:35', 1, 'Curso Marketing Politico'),
	(318, 'Darlan Andrade', 'darlandrade@bol.com.br', 'Rua Boa Esperança, nº08 Condomínio Park Guará, casa 01', 'SAO LUIS', 'MA', 'Brasil', '65.066-190', 'profissional', NULL, 'Clara Comunicação', '(98) 8413-2901', '1967-12-17', '2011-10-19 10:07:27', 0, NULL, 'darlandrade', '351.507.853-34', 'Darlan Borralho de A', 'inscrito', 0, 0, '2011-10-19 10:07:27', 1, 'Curso Marketing Politico'),
	(319, 'sandro leonardo aguiar bastos', 'sandro.lb10@hotmail.com', 'rua alto da cruz nº 2405, bairro nova caxias ', 'caxias', 'maranhão', 'Brasil', '65.604-330', 'estudante', 'ceut - centro de ensino unificado de teresina ', NULL, '(99) 8831-9189', '1983-09-29', '2011-10-21 20:22:42', 0, NULL, '', '020.416.413-39', '016873822001-1', 'inscrito', 0, 0, '2011-10-21 20:22:42', 1, 'Curso Marketing Politico'),
	(320, 'FRANCISCO MÁRIO MENDES', 'fmmendes.med@hotmail.com', 'AV PRESIDENTE KENNEDY Nº 2680 BL BARCELONA APTO 103 BAIRRO MORROS', 'Teresina', 'Piauí', 'Brasil', '64.062-005', 'profissional', NULL, 'SECRETARIA DE SAÚDE DO ESTADO DO PIAUÍ', '(86) 8858-7752', '1956-11-04', '2011-10-25 10:41:12', 1, '2011-11-15 20:19:18', '', '078.126.473-15', '189866', 'inscrito', 0, 0, '2011-10-25 10:41:12', 1, 'Curso Marketing Politico'),
	(321, ' agostinho nogueira lima neto', 'agostinhostar3@hotmail.com', 'Rua Joãio Cabral', 'Teresina', 'Piauí', 'Brasil', '64.001-030', 'estudante', 'Ufpi', NULL, '(86) 9999-0473', '1985-12-25', '2011-10-25 18:52:49', 0, NULL, '', '614.765.443-87', '2339568', 'inscrito', 0, 0, '2011-10-25 18:52:49', 1, 'Curso Marketing Politico'),
	(322, 'Bruno', 'Brunojohnsen@terra.com.br', 'Rua sao benedito n 381 lixeira', 'Cuiaba', 'Mt', 'Brasil', '78.008-405', 'profissional', NULL, 'Konect', '(65) 8112-9361', '1985-03-06', '2011-10-26 13:35:58', 0, NULL, '', '007.534.291-01', 'Bruno johnsen ', 'inscrito', 0, 0, '2011-10-26 13:35:58', 1, 'Curso Marketing Politico'),
	(323, 'Wilson Fernando de Figueiredo Rego Filho', 'wilsonrego@hotmail.com', 'av senador area leão 3234, são cristovão', 'Teresina', 'Piauí', 'Brasil', '64.051-090', 'estudante', 'CENTRO DE ENSINO UNIFICADE DE TERESINA - CEUT', NULL, '(86) 8842-4272', '1975-05-16', '2011-10-28 10:16:21', 0, NULL, '', '470.586.923-00', '1376845', 'inscrito', 0, 0, '2011-10-28 10:16:21', 1, 'Curso Marketing Politico'),
	(324, 'Alexandre Woub Moreira dos Santos', 'woubimp@hotmail.com', 'RUA RUI BARBOSA 199', 'Imperatriz', 'Maranhão', 'Brasil', '65.900-440', 'profissional', NULL, 'CEPP - CONSULTORIA EMPRESARIAL POLITICA PARTIDÁRIA', '(99) 9651-3182', '1980-02-23', '2011-10-28 14:34:16', 0, NULL, 'WOUB23', '625.991.433-49', '0357015959', 'inscrito', 0, 0, '2011-10-28 14:34:16', 1, 'Curso Marketing Politico'),
	(325, 'MARILIA JAMES DE ARAÚJO NUNES SOBRINHO', 'MARYLYAFOFA2005@HOTMAIL.COM', '3ª TRAVESSA SERGISNANDO MOURA, 167, PONTE', 'CAXIAS', 'MARANHÃO', 'Brasil', '65.600-000', 'estudante', 'CENTRO DE ENSINO UNIFICADO DE TERESINA - CEUT', NULL, '(99) 8802-6903', '1986-03-10', '2011-10-28 15:52:07', 0, NULL, 'CAXIASNAMIRA', '024.109.573-58', '2202669 SSP PI', 'inscrito', 0, 0, '2011-10-28 15:52:07', 1, 'Curso Marketing Politico'),
	(326, 'Manoel Oliveira Galvão', 'maninho.pi@hotmail.com', 'Rua lizandro Nougueira, n° 969 centro', 'Teresina', 'Piauí', 'Brasil', '', 'profissional', NULL, 'Empresario. Maninho Atacadista', '(86) 9982-3851', '1964-04-22', '2011-11-01 13:25:31', 0, NULL, '', '048.034.308-02', '930617DF', 'inscrito', 0, 0, '2011-11-01 13:25:31', 1, 'Curso Marketing Politico'),
	(327, 'João Rodrigues Filho', 'jrfilhojota@gmail.com', 'Rua São Pedro nº 3274, AP: 403 EDIFICIO PALAZIO POTY', 'Teresina', 'Piauí', 'Brasil', '64.001-910', 'profissional', NULL, 'Prefeitura Municipal de Teresina', '(86) 9933-5216', '0000-00-00', '2011-11-03 22:00:44', 1, '2011-11-04 19:45:14', '', '245.805.203-78', '485743', 'inscrito', 0, 0, '2011-11-03 22:00:44', 1, 'Curso Marketing Politico'),
	(328, 'Leonardo Fortes Férrer de Almeida', 'leofortes@hotmail.com', 'Rua Angélica, nº 555 AP:402 Joquei Clube', 'Teresina', 'Piauí', 'Brasil', '64.048-160', 'profissional', NULL, 'Prefeitura Municipal de Teresina', '(86) 9933-5216', '0000-00-00', '2011-11-03 22:02:01', 1, '2011-11-04 19:44:38', '', '010.587.653-45', '2095235', 'inscrito', 0, 0, '2011-11-03 22:02:01', 1, 'Curso Marketing Politico'),
	(329, 'ÚLTIMO CAMPOS REIS', 'ultimo_campos@hotmail.com', 'Rua Manoel Nogueira de Lima - 1545', 'Teresina', 'Piauí', 'Brasil', '64.049-190', 'profissional', NULL, 'Profissional Autônomo', '(86) 9921-4720', '1989-05-09', '2011-11-04 12:04:48', 0, NULL, 'UltimoCampos', '620.410.103-04', '2741215', 'inscrito', 0, 0, '2011-11-04 12:04:48', 1, 'Curso Marketing Politico'),
	(330, 'Dibson', 'flllores@gmail.com', 'Rua Natal, 43', 'Manaus', 'Amazonas', 'Brasil', '69.093-250', 'profissional', NULL, 'Autonomo', '(92) 8231-4086', '1985-02-08', '2011-11-06 15:30:48', 0, NULL, '', '804.522.562-91', '17936934', 'inscrito', 0, 0, '2011-11-06 15:30:48', 1, 'Curso Marketing Politico'),
	(331, 'Antonia Danielle', 'danielle.pierote@gmail.com', 'innibiubi', 'Teresina', 'Piauí', 'Brasil', '78.687-688', 'estudante', 'Ifpi', NULL, '(86) 9456-3435', '0000-00-00', '2011-11-06 15:38:52', 0, NULL, '', '005.659.353-80', '98998998', 'inscrito', 1, 1, '2011-11-09 10:53:18', 1, 'Curso Marketing Politico'),
	(332, 'Cláudia Rodrigues', 'claudiarodriguesadvogada@gmail.com', 'RUa Rangel Pestana, 340, apto 901', 'Londrina', 'Paraná', 'Brasil', '86.062-020', 'profissional', NULL, 'Cláudia Rodrigues Advogada', '(43) 9111-1930', '0000-00-00', '2011-11-07 12:44:57', 1, '2011-11-07 13:52:09', '', '738.039.959-49', '3.189.268-6 PR', 'inscrito', 0, 0, '2011-11-07 12:44:57', 1, 'Curso Marketing Politico'),
	(333, 'FRANCISCO EUDES DE OLIVEIRA', 'fran-eudes@bol.com.br', 'CONJUNTO PEDRA MOLE QUADRA 01 CASA 08 BAIRRO PEDRA MOLE', 'Teresina', 'Piauí', 'Brasil', '21801207372', 'profissional', NULL, 'ASSESSOR POLITICO', '(86) 3231-6854', '1962-08-09', '2011-11-15 22:27:14', 0, NULL, '', '218.012.073-72', '462954  SSPPI', 'inscrito', 0, 0, '2011-11-15 22:27:14', 1, 'Curso Marketing Politico'),
	(334, 'JOÃO LUCAS DE ALCOBAÇA PAES LANDIM', 'LUCASPAESLANDIN@HOTMAIL.COM', 'RUA FRANCISCO SILVA 1160', 'Teresina', 'Piauí', 'Brasil', '64.048-080', 'estudante', 'FAP - FACULDADE PIAUIENSE', NULL, '(86) 8875-4951', '1989-12-16', '2011-11-16 17:09:01', 0, NULL, '', '021.104.003-74', '5014646', 'inscrito', 0, 0, '2011-11-16 17:09:01', 1, 'Curso Marketing Politico'),
	(335, 'gabriela visgueira alves', 'gabi.fwf@hotmail.com', 'conjunto novo horizonte quadra G casa 21', 'Teresina', 'Piauí', 'Brasil', '64.079-010', 'profissional', NULL, 'prefeitura municipal de Teresina e estudante do curso de publicidade e propaganda', '(86) 9478-6625', '0000-00-00', '2011-11-18 11:22:46', 0, NULL, '', '028.640.143-60', '1872872', 'inscrito', 0, 0, '2011-11-18 11:22:46', 1, 'Curso Marketing Politico'),
	(336, 'Lucio Ledio de Souza', 'antoniolucio@hotmail.com.br', 'R: jose  da cunha nº 305', 'Belford Roxo', 'Rio de Jan', 'Brasil', '26.135-000', 'profissional', NULL, 'Previde', '(21) 8235-6541', '0000-00-00', '2011-11-18 14:31:42', 0, NULL, '', '984.375.697-53', '075182337', 'inscrito', 0, 0, '2011-11-18 14:31:42', 1, 'Curso Marketing Politico'),
	(337, 'Adelaine Fonseca Ferreira', 'antoniolucio@hotmail.com.br', 'R: jose da cunha nº 305', 'Belford Roxo', 'Rio de Jan', 'Brasil', '26.135-000', 'profissional', NULL, 'PREVIDE', '(21) 8235-6541', '0000-00-00', '2011-11-18 14:43:25', 0, NULL, '', '110.561.467-02', '00213307275', 'inscrito', 0, 0, '2011-11-18 14:43:25', 1, 'Curso Marketing Politico'),
	(338, 'Raphael Rocha da Silva', 'antoniolucio@hotmail.com.br', 'R: jose  da cunha nº 305', 'Belford Roxo', 'Rio de Jan', 'Brasil', '26.135-000', 'profissional', NULL, 'PREVIDE', '(21) 8235-6541', '0000-00-00', '2011-11-18 15:12:17', 0, NULL, '', '117.889.377-40', '264041013', 'inscrito', 0, 0, '2011-11-18 15:12:17', 1, 'Curso Marketing Politico'),
	(339, 'Antonio Lucio Rodrigues Alves', 'antoniolucio@hotmail.com.br', 'R: jose da cunha nº 305', 'Belford Roxo', 'Rio de Jan', 'Brasil', '26.135-000', 'profissional', NULL, 'PREVIDE', '(21) 8235-6541', '0000-00-00', '2011-11-18 15:21:42', 0, NULL, '', '002.265.527-13', '073436743', 'inscrito', 0, 0, '2011-11-18 15:21:42', 1, 'Curso Marketing Politico'),
	(340, 'Jaqueline Saraiva de Lima', 'jaquelinedesaigne@hotmail.com', 'R Dep Waldeck Bona Nº 3299', 'Teresina', 'Piauí', 'Brasil', '64.076-325', 'estudante', 'CEUT', NULL, '(86) 9999-7195', '1988-02-26', '2011-11-19 13:59:52', 0, NULL, '', '026.543.493-90', '236441', 'inscrito', 0, 0, '2011-11-19 13:59:52', 1, 'Curso Marketing Politico'),
	(341, 'Geraldo Amancio Guedes Junior', 'ananeta-getulio@hotmail.com', 'Avenida Francisco Luis de Moraes Nº 580 centro', 'Demerval ', 'Piauí', 'Brasil', '64.390-000', 'profissional', NULL, 'Político-Administrador Público', '(86) 9924-5337', '1976-05-04', '2011-11-19 17:21:46', 0, NULL, '', '717.953.593-15', '1413955-PI', 'inscrito', 0, 0, '2011-11-19 17:21:46', 1, 'Curso Marketing Politico'),
	(342, 'Albino Luciany Guedes', 'albinolg@hotmail.com', 'Quadra 04 Casa 04 Saci', 'Teresina', 'Piauí', 'Brasil', '64.020-200', 'profissional', NULL, 'Engenheiro Agrônomo', '(86) 9476-0650', '1978-09-29', '2011-11-19 17:36:52', 0, NULL, '', '825.429.883-15', '1.778.902', 'inscrito', 0, 0, '2011-11-19 17:36:52', 1, 'Curso Marketing Politico'),
	(343, 'Luciano Bomfim Leite Landim', 'luciano_bfim@yahoo.com', 'Rua Dr Helvídio Ferraz, 315 Jockey Club', 'Teresina', 'Piauí', 'Brasil', '64.052-800', 'estudante', 'Administração', NULL, '(86) 9985-6250', '1990-06-25', '2011-11-20 09:31:46', 0, NULL, 'Luiano_Bfim', '351.786.808-63', '422433512', 'inscrito', 0, 0, '2011-11-20 09:31:46', 1, 'Curso Marketing Politico'),
	(344, 'Arthur Deolindo Campelo Marinho Filho', 'a_deolindo@hotmail.com', 'Rua Primeiro de Maio, 2570. Bairro Aeroporto', 'Teresina', 'Piauí', 'Brasil', '64.002-510', 'estudante', 'UESPI - Administração de Empresas', NULL, '(86) 9929-2971', '1989-01-31', '2011-11-20 10:30:51', 0, NULL, '', '004.764.453-29', '2276642', 'inscrito', 0, 0, '2011-11-20 10:30:51', 1, 'Curso Marketing Politico');
/*!40000 ALTER TABLE `cliente` ENABLE KEYS */;


# Dumping structure for table marketingpolit.enviado
CREATE TABLE IF NOT EXISTS `enviado` (
  `id` int(11) NOT NULL AUTO_INCREMENT,
  `sms_id` int(11) NOT NULL,
  `usuario_id_destinatario` int(11) NOT NULL,
  `status` int(11) NOT NULL,
  PRIMARY KEY (`id`)
) ENGINE=InnoDB DEFAULT CHARSET=utf8;

# Dumping data for table marketingpolit.enviado: ~0 rows (approximately)
/*!40000 ALTER TABLE `enviado` DISABLE KEYS */;
/*!40000 ALTER TABLE `enviado` ENABLE KEYS */;


# Dumping structure for table marketingpolit.grupo
CREATE TABLE IF NOT EXISTS `grupo` (
  `id` int(10) NOT NULL AUTO_INCREMENT,
  `nome` varchar(50) DEFAULT '0',
  `usuario_id_criacao` int(11) DEFAULT '0',
  `usuario_id_atualizacao` int(11) DEFAULT '0',
  `deletado` int(11) DEFAULT '0',
  `usuario_id_deletado` int(11) DEFAULT '0',
  `data_deletado` datetime DEFAULT NULL,
  `data_criacao` datetime DEFAULT NULL,
  `data_atualizacao` datetime DEFAULT NULL,
  PRIMARY KEY (`id`)
) ENGINE=InnoDB AUTO_INCREMENT=2 DEFAULT CHARSET=utf8;

# Dumping data for table marketingpolit.grupo: ~1 rows (approximately)
/*!40000 ALTER TABLE `grupo` DISABLE KEYS */;
REPLACE INTO `grupo` (`id`, `nome`, `usuario_id_criacao`, `usuario_id_atualizacao`, `deletado`, `usuario_id_deletado`, `data_deletado`, `data_criacao`, `data_atualizacao`) VALUES
	(1, 'Curso Marketing Politico', 1, 1, 0, 0, NULL, '2011-08-30 20:16:07', '2011-08-30 20:16:08');
/*!40000 ALTER TABLE `grupo` ENABLE KEYS */;


# Dumping structure for table marketingpolit.sms
CREATE TABLE IF NOT EXISTS `sms` (
  `id` int(11) NOT NULL AUTO_INCREMENT,
  `mensagem` text NOT NULL,
  `usuario_id_envio` int(11) NOT NULL,
  `data_envio` datetime NOT NULL,
  PRIMARY KEY (`id`)
) ENGINE=InnoDB DEFAULT CHARSET=utf8;

# Dumping data for table marketingpolit.sms: ~0 rows (approximately)
/*!40000 ALTER TABLE `sms` DISABLE KEYS */;
/*!40000 ALTER TABLE `sms` ENABLE KEYS */;


# Dumping structure for table marketingpolit.transacao_moip
CREATE TABLE IF NOT EXISTS `transacao_moip` (
  `id` int(10) NOT NULL AUTO_INCREMENT,
  `id_transacao` varchar(50) DEFAULT NULL,
  `cliente_id` int(10) DEFAULT '0',
  `cliente_nome` varchar(100) DEFAULT '0',
  `valor` float DEFAULT '0',
  `data_criacao` datetime DEFAULT NULL,
  `status_pagamento` int(10) DEFAULT NULL,
  `cod_moip` int(10) DEFAULT NULL,
  `forma_pagamento` int(10) DEFAULT NULL,
  `tipo_pagamento` varchar(50) DEFAULT NULL,
  `email_consumidor` varchar(50) DEFAULT NULL,
  PRIMARY KEY (`id`)
) ENGINE=InnoDB AUTO_INCREMENT=391 DEFAULT CHARSET=utf8;

# Dumping data for table marketingpolit.transacao_moip: ~185 rows (approximately)
/*!40000 ALTER TABLE `transacao_moip` DISABLE KEYS */;
REPLACE INTO `transacao_moip` (`id`, `id_transacao`, `cliente_id`, `cliente_nome`, `valor`, `data_criacao`, `status_pagamento`, `cod_moip`, `forma_pagamento`, `tipo_pagamento`, `email_consumidor`) VALUES
	(150, NULL, 270, 'Cândido Sales Gomes', 60000, '2011-09-12 18:44:27', NULL, NULL, NULL, NULL, NULL),
	(151, NULL, 271, 'Darlan Ribeiro de Oliveira', 60000, '2011-09-13 22:03:27', NULL, NULL, NULL, NULL, NULL),
	(152, NULL, 272, 'DENISE ALMEIDA RIBEIRO SILVA', 60000, '2011-09-14 10:29:13', NULL, NULL, NULL, NULL, NULL),
	(153, NULL, 273, 'Flávio Marcos Moura e Silva', 60000, '2011-09-14 11:50:41', NULL, NULL, NULL, NULL, NULL),
	(154, NULL, 274, 'Jone Clay Macedo', 60000, '2011-09-15 08:53:23', NULL, NULL, NULL, NULL, NULL),
	(155, NULL, 275, 'Cláudia Nunes Temporim', 60000, '2011-09-15 13:30:58', NULL, NULL, NULL, NULL, NULL),
	(156, NULL, 276, 'Cândido Sales Gomes', 60000, '2011-09-15 23:46:26', NULL, NULL, NULL, NULL, NULL),
	(157, NULL, 277, 'JOÃO DIAS RIBEIRO', 60000, '2011-09-16 09:17:40', NULL, NULL, NULL, NULL, NULL),
	(158, '157', NULL, NULL, 60000, '2011-09-16 09:18:38', 2, 7111835, 91, 'BoletoBancario', 'varzeabranca@bol.com.br'),
	(159, '157', NULL, NULL, 60000, '2011-09-16 09:18:46', 3, 7111835, 91, 'BoletoBancario', 'varzeabranca@bol.com.br'),
	(160, NULL, 278, 'Denise Carvalho Ferreira', 60000, '2011-09-16 16:41:53', NULL, NULL, NULL, NULL, NULL),
	(161, NULL, 280, 'Cândido Sales Gomes', 60000, '2011-09-20 08:56:43', NULL, NULL, NULL, NULL, NULL),
	(162, NULL, 281, 'Cândido Sales Gomes', 60000, '2011-09-20 09:01:39', NULL, NULL, NULL, NULL, NULL),
	(163, NULL, 282, 'Cândido Sales Gomes', 60000, '2011-09-20 09:18:13', NULL, NULL, NULL, NULL, NULL),
	(164, '157', NULL, NULL, 60000, '2011-09-20 10:23:10', 1, 7111835, 91, 'BoletoBancario', 'varzeabranca@bol.com.br'),
	(165, NULL, 283, 'TIAGO MENDES VASCONCELOS', 60000, '2011-09-21 00:59:53', NULL, NULL, NULL, NULL, NULL),
	(166, '165', NULL, NULL, 60000, '2011-09-21 01:08:38', 2, 7171213, 8, 'DebitoBancario', 'tiago.m.vasconcelos@hotmail.com'),
	(167, '165', NULL, NULL, 60000, '2011-09-21 01:09:02', 3, 7171215, 91, 'BoletoBancario', 'tiago.m.vasconcelos@hotmail.com'),
	(168, NULL, 284, 'FABIO HERNANDEZ DE O SOUSA', 60000, '2011-09-21 09:25:27', NULL, NULL, NULL, NULL, NULL),
	(169, '168', NULL, NULL, 60000, '2011-09-21 09:27:29', 2, 7172986, 91, 'BoletoBancario', 'HERNANDEZ_FAB@HOTMAIL.COM'),
	(170, '168', NULL, NULL, 60000, '2011-09-21 09:27:47', 3, 7172986, 91, 'BoletoBancario', 'HERNANDEZ_FAB@HOTMAIL.COM'),
	(171, NULL, 286, 'Danúbio Camara Ferreira', 60000, '2011-09-21 22:00:09', NULL, NULL, NULL, NULL, NULL),
	(172, NULL, 287, 'MARINA ARAUJO GURGEL', 60000, '2011-09-22 08:32:08', NULL, NULL, NULL, NULL, NULL),
	(173, '172', NULL, NULL, 60000, '2011-09-22 08:33:28', 2, 7187022, 91, 'BoletoBancario', 'marinagurgel@hotmail.com'),
	(174, '172', NULL, NULL, 60000, '2011-09-22 08:33:32', 3, 7187022, 91, 'BoletoBancario', 'marinagurgel@hotmail.com'),
	(178, NULL, 289, 'Danubio Camara Ferreira', 60000, '2011-09-22 19:02:23', NULL, NULL, NULL, NULL, NULL),
	(179, NULL, 290, 'Cândido Sales Gomes', 60000, '2011-09-22 19:12:55', NULL, NULL, NULL, NULL, NULL),
	(180, '178', NULL, NULL, 60000, '2011-09-22 19:17:21', 2, 7195557, 3, 'CartaoDeCredito', 'danubio-82@hotmail.com'),
	(181, '178', NULL, NULL, 60000, '2011-09-22 19:24:22', 2, 7195635, 91, 'BoletoBancario', 'danubio-82@hotmail.com'),
	(182, '178', NULL, NULL, 60000, '2011-09-22 19:25:17', 3, 7195635, 91, 'BoletoBancario', 'danubio-82@hotmail.com'),
	(183, NULL, 291, 'ELISEU KESSLER', 60000, '2011-09-23 10:13:34', NULL, NULL, NULL, NULL, NULL),
	(184, '183', NULL, NULL, 60000, '2011-09-23 10:25:36', 2, 7202115, 8, 'DebitoBancario', 'eliseukessler@bol.com.br'),
	(185, '183', NULL, NULL, 60000, '2011-09-23 10:33:22', 2, 7202223, 3, 'CartaoDeCredito', 'eliseukessler@bol.com.br'),
	(186, '183', NULL, NULL, 60000, '2011-09-23 10:35:32', 6, 7202223, 3, 'CartaoDeCredito', 'eliseukessler@bol.com.br'),
	(187, '183', NULL, NULL, 60000, '2011-09-23 11:16:32', 5, 7202115, 8, 'DebitoBancario', 'eliseukessler@bol.com.br'),
	(188, NULL, 292, 'Danubio Camara Ferreira', 60000, '2011-09-23 15:59:14', NULL, NULL, NULL, NULL, NULL),
	(189, '188', NULL, NULL, 60000, '2011-09-23 15:59:48', 2, 7207201, 91, 'BoletoBancario', 'danubio-82@hotmail.com'),
	(190, '188', NULL, NULL, 60000, '2011-09-23 15:59:53', 3, 7207201, 91, 'BoletoBancario', 'danubio-82@hotmail.com'),
	(191, NULL, 293, 'MARIA DE FATIMA CARVALHO DE SOUSA', 60000, '2011-09-23 17:25:24', NULL, NULL, NULL, NULL, NULL),
	(192, NULL, 294, 'Luzia Eduarda das Neves Cruz', 60000, '2011-09-23 22:05:52', NULL, NULL, NULL, NULL, NULL),
	(193, '183', NULL, NULL, 60000, '2011-09-25 01:38:47', 1, 7202223, 3, 'CartaoDeCredito', 'eliseukessler@bol.com.br'),
	(194, '188', NULL, NULL, 60000, '2011-09-26 12:24:01', 1, 7207201, 91, 'BoletoBancario', 'danubio-82@hotmail.com'),
	(195, NULL, 295, 'DONATO ARAUJO SILVA', 60000, '2011-09-26 13:48:34', NULL, NULL, NULL, NULL, NULL),
	(196, NULL, 296, 'Gabrielle Laysla Alves da Silva', 60000, '2011-09-26 15:12:19', NULL, NULL, NULL, NULL, NULL),
	(199, NULL, 298, 'mauro alves dos reis', 60000, '2011-09-28 15:58:51', NULL, NULL, NULL, NULL, NULL),
	(200, '199', NULL, NULL, 60000, '2011-09-28 16:02:33', 2, 7264804, 75, 'CartaoDeCredito', 'mauroamw@hotmail.com'),
	(201, '199', NULL, NULL, 60000, '2011-09-28 16:06:05', 5, 7264804, 75, 'CartaoDeCredito', 'mauroamw@hotmail.com'),
	(202, NULL, 299, 'Cleber de Deus Pereira da Silva', 60000, '2011-09-29 11:53:33', NULL, NULL, NULL, NULL, NULL),
	(203, '202', NULL, NULL, 60000, '2011-09-29 11:55:45', 2, 7275042, 3, 'CartaoDeCredito', 'dideus@superig.com.br'),
	(204, '202', NULL, NULL, 60000, '2011-09-29 12:06:17', 6, 7275042, 3, 'CartaoDeCredito', 'dideus@superig.com.br'),
	(205, NULL, 300, 'Pedro Osterno da Silva', 60000, '2011-09-29 21:42:03', NULL, NULL, NULL, NULL, NULL),
	(206, '205', NULL, NULL, 60000, '2011-09-29 21:43:08', 2, 7281849, 91, 'BoletoBancario', 'roger.13@uol.com.br'),
	(207, '205', NULL, NULL, 60000, '2011-09-29 21:43:24', 3, 7281854, 91, 'BoletoBancario', 'roger.13@uol.com.br'),
	(208, NULL, 301, 'Rogério Batista Osterno', 60000, '2011-09-29 22:37:55', NULL, NULL, NULL, NULL, NULL),
	(209, '208', NULL, NULL, 60000, '2011-09-29 22:40:27', 2, 7282479, 75, 'CartaoDeCredito', 'roger.13@uol.com.br'),
	(210, '208', NULL, NULL, 60000, '2011-09-29 22:42:56', 6, 7282479, 75, 'CartaoDeCredito', 'roger.13@uol.com.br'),
	(211, '202', NULL, NULL, 60000, '2011-10-01 12:54:06', 5, 7275042, 3, 'CartaoDeCredito', 'dideus@superig.com.br'),
	(212, NULL, 302, 'George Negreiros', 70000, '2011-10-01 14:07:59', NULL, NULL, NULL, NULL, NULL),
	(213, '208', NULL, NULL, 60000, '2011-10-01 18:43:14', 1, 7282479, 75, 'CartaoDeCredito', 'roger.13@uol.com.br'),
	(214, NULL, 303, 'marina lopes brasil', 70000, '2011-10-03 09:50:20', NULL, NULL, NULL, NULL, NULL),
	(215, '157', NULL, NULL, 60000, '2011-10-04 21:18:51', 4, 7111835, 91, 'BoletoBancario', 'varzeabranca@bol.com.br'),
	(216, '82', NULL, NULL, 60000, '2011-10-05 00:56:07', 2, 7339868, 91, 'BoletoBancario', 'candidosg@gmail.com'),
	(217, '82', NULL, NULL, 60000, '2011-10-05 00:56:13', 3, 7339868, 91, 'BoletoBancario', 'candidosg@gmail.com'),
	(218, NULL, 304, 'Humberto de Oliveira Ferreira', 70000, '2011-10-06 08:56:40', NULL, NULL, NULL, NULL, NULL),
	(219, NULL, 305, 'Lucyana de Araujo Santos Ribeiro', 70000, '2011-10-07 11:55:16', NULL, NULL, NULL, NULL, NULL),
	(220, NULL, 306, 'Lucyana de Araujo Santos Ribeiro	', 70000, '2011-10-07 14:21:24', NULL, NULL, NULL, NULL, NULL),
	(221, '220', NULL, NULL, 70000, '2011-10-07 14:21:45', 2, 7378591, 91, 'BoletoBancario', 'candidosg@gmail.com'),
	(222, '220', NULL, NULL, 70000, '2011-10-07 14:21:52', 3, 7378591, 91, 'BoletoBancario', 'candidosg@gmail.com'),
	(223, NULL, 307, 'Cândido Sales Gomes', 70000, '2011-10-07 14:47:40', NULL, NULL, NULL, NULL, NULL),
	(224, NULL, 308, 'Cândido Sales', 70000, '2011-10-07 14:51:38', NULL, NULL, NULL, NULL, NULL),
	(225, NULL, 309, 'Cândido Sales Gomes', 70000, '2011-10-07 14:54:23', NULL, NULL, NULL, NULL, NULL),
	(226, NULL, 310, 'Cândido Sales Gomes', 70000, '2011-10-07 14:56:37', NULL, NULL, NULL, NULL, NULL),
	(227, NULL, 311, 'Cãnddi d', 70000, '2011-10-07 14:58:34', NULL, NULL, NULL, NULL, NULL),
	(228, '183', NULL, NULL, 60000, '2011-10-09 21:17:00', 4, 7202223, 3, 'CartaoDeCredito', 'eliseukessler@bol.com.br'),
	(229, NULL, 312, 'Lucyana de Araújo Santos Ribeiro', 70000, '2011-10-10 12:15:04', NULL, NULL, NULL, NULL, NULL),
	(230, '229', NULL, NULL, 70000, '2011-10-10 12:15:20', 2, 7412295, 91, 'BoletoBancario', 'lucyana2012@gmail.com'),
	(231, '229', NULL, NULL, 70000, '2011-10-10 12:15:22', 3, 7412295, 91, 'BoletoBancario', 'lucyana2012@gmail.com'),
	(232, '188', NULL, NULL, 60000, '2011-10-10 21:20:23', 4, 7207201, 91, 'BoletoBancario', 'danubio-82@hotmail.com'),
	(233, NULL, 313, 'ADRIANA FERREIRA FÉLIX ', 70000, '2011-10-13 12:54:42', NULL, NULL, NULL, NULL, NULL),
	(234, NULL, 314, 'Ronaldo Silva Gomes', 70000, '2011-10-15 10:28:05', NULL, NULL, NULL, NULL, NULL),
	(235, '234', NULL, NULL, 70000, '2011-10-15 10:40:42', 2, 7489801, 91, 'BoletoBancario', 'ronaldosgomes@bol.com.br'),
	(236, '234', NULL, NULL, 70000, '2011-10-15 10:44:55', 3, 7489801, 91, 'BoletoBancario', 'ronaldosgomes@bol.com.br'),
	(237, NULL, 315, 'Leonardo ', 70000, '2011-10-15 15:43:08', NULL, NULL, NULL, NULL, NULL),
	(238, '208', NULL, NULL, 60000, '2011-10-15 21:18:33', 4, 7282479, 75, 'CartaoDeCredito', 'roger.13@uol.com.br'),
	(239, '', NULL, NULL, 60000, '2011-10-17 10:25:51', 2, 7507251, 91, 'BoletoBancario', 'darlan.r.o@hotmail.com'),
	(240, '', NULL, NULL, 60000, '2011-10-17 10:25:54', 3, 7507251, 91, 'BoletoBancario', 'darlan.r.o@hotmail.com'),
	(241, NULL, 316, 'RAWGNAN IZIDORIO DE MORAIS', 70000, '2011-10-17 11:09:47', NULL, NULL, NULL, NULL, NULL),
	(242, '241', NULL, NULL, 70000, '2011-10-17 11:10:40', 2, 7508087, 91, 'BoletoBancario', 'rawgnelly@hotmail.com'),
	(243, '241', NULL, NULL, 70000, '2011-10-17 11:10:55', 3, 7508087, 91, 'BoletoBancario', 'rawgnelly@hotmail.com'),
	(244, '110', NULL, NULL, 70000, '2011-10-17 11:15:56', 2, 7508159, 91, 'BoletoBancario', 'adferlix@gmail.com'),
	(245, '110', NULL, NULL, 70000, '2011-10-17 11:16:00', 3, 7508159, 91, 'BoletoBancario', 'adferlix@gmail.com'),
	(246, '', NULL, NULL, 60000, '2011-10-17 11:20:45', 2, 7508223, 91, 'BoletoBancario', 'autoplacas@live.com'),
	(247, '', NULL, NULL, 60000, '2011-10-17 11:20:50', 3, 7508223, 91, 'BoletoBancario', 'autoplacas@live.com'),
	(248, '', NULL, NULL, 60000, '2011-10-17 11:23:07', 2, 7508247, 91, 'BoletoBancario', 'dideus@superig.com.br'),
	(249, '', NULL, NULL, 60000, '2011-10-17 11:23:11', 3, 7508247, 91, 'BoletoBancario', 'dideus@superig.com.br'),
	(250, '', NULL, NULL, 60000, '2011-10-17 11:25:15', 2, 7508272, 91, 'BoletoBancario', 'exactapesquisa@hotmail.com'),
	(251, '', NULL, NULL, 60000, '2011-10-17 11:25:18', 3, 7508272, 91, 'BoletoBancario', 'exactapesquisa@hotmail.com'),
	(252, '', NULL, NULL, 60000, '2011-10-17 11:27:37', 2, 7508295, 91, 'BoletoBancario', 'dallas.comunicacao@hotmail.com'),
	(253, '', NULL, NULL, 60000, '2011-10-17 11:27:39', 3, 7508295, 91, 'BoletoBancario', 'dallas.comunicacao@hotmail.com'),
	(254, '', NULL, NULL, 60000, '2011-10-17 11:32:26', 2, 7508350, 91, 'BoletoBancario', 'donatoasilva@hotmail.com'),
	(255, '', NULL, NULL, 60000, '2011-10-17 11:32:29', 3, 7508350, 91, 'BoletoBancario', 'donatoasilva@hotmail.com'),
	(256, '', NULL, NULL, 60000, '2011-10-17 11:35:17', 2, 7508375, 91, 'BoletoBancario', 'HERNANDEZ_FAB@HOTMAIL.COM'),
	(257, '', NULL, NULL, 60000, '2011-10-17 11:35:20', 3, 7508375, 91, 'BoletoBancario', 'HERNANDEZ_FAB@HOTMAIL.COM'),
	(258, '', NULL, NULL, 60000, '2011-10-17 11:53:44', 2, 7508627, 91, 'BoletoBancario', 'flaviomoura.jornalismo@hotmail.com'),
	(259, '', NULL, NULL, 60000, '2011-10-17 11:53:48', 3, 7508627, 91, 'BoletoBancario', 'flaviomoura.jornalismo@hotmail.com'),
	(260, NULL, 317, 'jonas santos de souza', 70000, '2011-10-17 16:00:44', NULL, NULL, NULL, NULL, NULL),
	(261, '260', NULL, NULL, 70000, '2011-10-17 16:05:32', 2, 7512405, 91, 'BoletoBancario', 'jonas.acritica9@gmail.com'),
	(262, '260', NULL, NULL, 70000, '2011-10-17 16:11:13', 3, 7512405, 91, 'BoletoBancario', 'jonas.acritica9@gmail.com'),
	(263, '', NULL, NULL, 60000, '2011-10-17 16:37:06', 2, 7512853, 91, 'BoletoBancario', 'gabi_laysla@msn.com'),
	(264, '', NULL, NULL, 60000, '2011-10-17 16:37:09', 3, 7512853, 91, 'BoletoBancario', 'gabi_laysla@msn.com'),
	(265, '', NULL, NULL, 70000, '2011-10-17 16:51:53', 2, 7513069, 91, 'BoletoBancario', 'betoferreira_@hotmail.com'),
	(266, '', NULL, NULL, 70000, '2011-10-17 16:52:26', 3, 7513069, 91, 'BoletoBancario', 'betoferreira_@hotmail.com'),
	(267, '', NULL, NULL, 60000, '2011-10-17 17:18:08', 2, 7513449, 91, 'BoletoBancario', 'joneclaymacedo@hotmail.com'),
	(268, '', NULL, NULL, 60000, '2011-10-17 17:18:11', 3, 7513449, 91, 'BoletoBancario', 'joneclaymacedo@hotmail.com'),
	(269, '', NULL, NULL, 60000, '2011-10-17 17:21:55', 2, 7513496, 91, 'BoletoBancario', 'kartegiane@urbanaoutdoor.com.br'),
	(270, '', NULL, NULL, 60000, '2011-10-17 17:21:58', 3, 7513496, 91, 'BoletoBancario', 'kartegiane@urbanaoutdoor.com.br'),
	(271, '', NULL, NULL, 70000, '2011-10-17 17:27:49', 2, 7513560, 91, 'BoletoBancario', 'leomcostta@hotmail.com'),
	(272, '', NULL, NULL, 70000, '2011-10-17 17:27:53', 3, 7513560, 91, 'BoletoBancario', 'leomcostta@hotmail.com'),
	(273, '', NULL, NULL, 70000, '2011-10-17 17:33:35', 2, 7513639, 91, 'BoletoBancario', 'lucyana2012@gmail.com'),
	(274, '', NULL, NULL, 70000, '2011-10-17 17:33:35', 3, 7513639, 91, 'BoletoBancario', 'lucyana2012@gmail.com'),
	(275, '', NULL, NULL, 60000, '2011-10-17 17:39:57', 2, 7513704, 91, 'BoletoBancario', 'eduarda_cruz@hotmail.com'),
	(276, '', NULL, NULL, 60000, '2011-10-17 17:40:00', 3, 7513704, 91, 'BoletoBancario', 'eduarda_cruz@hotmail.com'),
	(277, '', NULL, NULL, 60000, '2011-10-17 17:44:11', 2, 7513752, 91, 'BoletoBancario', 'fatimacarvalho1@yahoo.ccom.br'),
	(278, '', NULL, NULL, 60000, '2011-10-17 17:44:13', 3, 7513752, 91, 'BoletoBancario', 'fatimacarvalho1@yahoo.ccom.br'),
	(279, '', NULL, NULL, 60000, '2011-10-17 17:46:07', 2, 7513780, 91, 'BoletoBancario', 'marinagurgel@hotmail.com'),
	(280, '', NULL, NULL, 60000, '2011-10-17 17:46:10', 3, 7513780, 91, 'BoletoBancario', 'marinagurgel@hotmail.com'),
	(281, '', NULL, NULL, 70000, '2011-10-17 17:48:54', 2, 7513812, 91, 'BoletoBancario', 'marinabrasil30@bol.com.br'),
	(282, '', NULL, NULL, 70000, '2011-10-17 17:48:57', 3, 7513812, 91, 'BoletoBancario', 'marinabrasil30@bol.com.br'),
	(283, '', NULL, NULL, 60000, '2011-10-17 18:00:49', 2, 7513959, 91, 'BoletoBancario', 'mauroamw@hotmail.com'),
	(284, '', NULL, NULL, 60000, '2011-10-17 18:00:52', 3, 7513959, 91, 'BoletoBancario', 'mauroamw@hotmail.com'),
	(285, '', NULL, NULL, 70000, '2011-10-17 18:02:32', 2, 7513985, 91, 'BoletoBancario', 'rawgnelly@hotmail.com'),
	(286, '', NULL, NULL, 70000, '2011-10-17 18:02:35', 3, 7513985, 91, 'BoletoBancario', 'rawgnelly@hotmail.com'),
	(287, '', NULL, NULL, 70000, '2011-10-17 18:06:52', 2, 7514059, 91, 'BoletoBancario', 'ronaldosgomes@bol.com.br'),
	(288, '', NULL, NULL, 70000, '2011-10-17 18:06:56', 3, 7514059, 91, 'BoletoBancario', 'ronaldosgomes@bol.com.br'),
	(289, '', NULL, NULL, 60000, '2011-10-17 18:08:20', 2, 7514081, 91, 'BoletoBancario', 'tiago.m.vasconcelos@hotmail.com'),
	(290, '', NULL, NULL, 60000, '2011-10-17 18:08:22', 3, 7514081, 91, 'BoletoBancario', 'tiago.m.vasconcelos@hotmail.com'),
	(291, NULL, 318, 'Darlan Andrade', 70000, '2011-10-19 10:07:35', NULL, NULL, NULL, NULL, NULL),
	(292, '291', NULL, NULL, 70000, '2011-10-20 15:49:28', 2, 7557947, 8, 'DebitoBancario', 'darlandrade@bol.com.br'),
	(293, NULL, 319, 'sandro leonardo aguiar bastos', 70000, '2011-10-21 20:22:48', NULL, NULL, NULL, NULL, NULL),
	(294, '293', NULL, NULL, 70000, '2011-10-21 20:26:40', 2, 7577095, 5, 'CartaoDeCredito', 'sandro.lb10@hotmail.com'),
	(295, '293', NULL, NULL, 70000, '2011-10-21 20:27:53', 2, 7577111, 5, 'CartaoDeCredito', 'sandro.lb10@hotmail.com'),
	(296, '293', NULL, NULL, 70000, '2011-10-21 20:32:40', 5, 7577111, 5, 'CartaoDeCredito', 'sandro.lb10@hotmail.com'),
	(297, NULL, 320, 'FRANCISCO MÁRIO MENDES', 70000, '2011-10-25 10:41:24', NULL, NULL, NULL, NULL, NULL),
	(298, '297', NULL, NULL, 70000, '2011-10-25 10:42:54', 2, 7616823, 91, 'BoletoBancario', 'fmmendes.med@hotmail.com'),
	(299, '297', NULL, NULL, 70000, '2011-10-25 10:42:59', 3, 7616823, 91, 'BoletoBancario', 'fmmendes.med@hotmail.com'),
	(300, '297', NULL, NULL, 70000, '2011-10-25 10:43:51', 2, 7616830, 5, 'CartaoDeCredito', 'fmmendes.med@hotmail.com'),
	(301, '297', NULL, NULL, 70000, '2011-10-25 10:46:27', 6, 7616830, 5, 'CartaoDeCredito', 'fmmendes.med@hotmail.com'),
	(302, NULL, 321, ' agostinho nogueira lima neto', 70000, '2011-10-25 18:52:54', NULL, NULL, NULL, NULL, NULL),
	(303, NULL, 322, 'Bruno', 70000, '2011-10-26 13:36:05', NULL, NULL, NULL, NULL, NULL),
	(304, '297', NULL, NULL, 70000, '2011-10-27 14:28:44', 5, 7616830, 5, 'CartaoDeCredito', 'fmmendes.med@hotmail.com'),
	(305, '', NULL, NULL, 70000, '2011-10-28 09:52:18', 2, 7662256, 91, 'BoletoBancario', 'fmmendes.med@hotmail.com'),
	(306, '', NULL, NULL, 70000, '2011-10-28 09:52:22', 3, 7662256, 91, 'BoletoBancario', 'fmmendes.med@hotmail.com'),
	(307, NULL, 323, 'Wilson Fernando de Figueiredo Rego Filho', 70000, '2011-10-28 10:16:27', NULL, NULL, NULL, NULL, NULL),
	(308, '324', NULL, NULL, 70000, '2011-10-28 14:35:54', 2, 7666436, 91, 'BoletoBancario', 'woubimp@hotmail.com'),
	(309, '324', NULL, NULL, 70000, '2011-10-28 14:36:01', 3, 7666436, 91, 'BoletoBancario', 'woubimp@hotmail.com'),
	(310, NULL, 325, 'MARILIA JAMES DE ARAÚJO NUNES SOBRINHO', 70000, '2011-10-28 15:52:14', NULL, NULL, NULL, NULL, NULL),
	(311, '', NULL, NULL, 70000, '2011-11-01 08:36:29', 1, 7662256, 91, 'BoletoBancario', 'fmmendes.med@hotmail.com'),
	(312, NULL, 326, 'Manoel Oliveira Galvão', 70000, '2011-11-01 13:25:36', NULL, NULL, NULL, NULL, NULL),
	(313, '312', NULL, NULL, 70000, '2011-11-01 13:27:50', 2, 7711014, 91, 'BoletoBancario', 'maninho.pi@hotmail.com'),
	(314, '312', NULL, NULL, 70000, '2011-11-01 13:33:42', 3, 7711014, 91, 'BoletoBancario', 'maninho.pi@hotmail.com'),
	(315, NULL, 327, 'João Rodrigues Filho', 70000, '2011-11-03 22:00:50', NULL, NULL, NULL, NULL, NULL),
	(316, NULL, 328, 'Leonardo Fortes Férrer de Almeida', 70000, '2011-11-03 22:02:04', NULL, NULL, NULL, NULL, NULL),
	(317, NULL, 329, 'ÚLTIMO CAMPOS REIS', 70000, '2011-11-04 12:04:55', NULL, NULL, NULL, NULL, NULL),
	(318, NULL, 330, 'Dibson', 70000, '2011-11-06 15:30:54', NULL, NULL, NULL, NULL, NULL),
	(319, NULL, 331, 'Antonia Danielle', 70000, '2011-11-06 15:38:57', NULL, NULL, NULL, NULL, NULL),
	(320, '319', NULL, NULL, 70000, '2011-11-06 15:41:23', 2, 7774601, 91, 'BoletoBancario', 'danielle.pierote@gmail.com'),
	(321, '319', NULL, NULL, 70000, '2011-11-06 15:41:41', 3, 7774601, 91, 'BoletoBancario', 'danielle.pierote@gmail.com'),
	(322, NULL, 332, 'Cláudia Rodrigues', 70000, '2011-11-07 12:45:02', NULL, NULL, NULL, NULL, NULL),
	(323, '322', NULL, NULL, 70000, '2011-11-07 12:46:53', 2, 7784219, 13, 'DebitoBancario', 'claudiarodriguesadvogada@gmail.com'),
	(324, '322', NULL, NULL, 70000, '2011-11-07 13:52:09', 1, 7784219, 13, 'DebitoBancario', 'claudiarodriguesadvogada@gmail.com'),
	(325, '_Ab123', NULL, NULL, 60000, '2011-11-07 23:08:59', 4, 0, 1, 'BoletoBancario', 'candidosg@gmail.com'),
	(326, '_Ab123', NULL, NULL, 60000, '2011-11-07 23:12:04', 4, 0, 1, 'BoletoBancario', 'candidosg@gmail.com'),
	(327, '_Ab123', NULL, NULL, 60000, '2011-11-07 23:12:16', 4, 0, 1, 'BoletoBancario', 'candidosg@gmail.com'),
	(328, '_Ab123', NULL, NULL, 60000, '2011-11-07 23:14:15', 4, 0, 1, 'BoletoBancario', 'candidosg@gmail.com'),
	(329, '_Ab123', NULL, NULL, 60000, '2011-11-07 23:15:11', 4, 0, 1, 'BoletoBancario', 'candidosg@gmail.com'),
	(330, '_Ab123', NULL, NULL, 60000, '2011-11-07 23:17:19', 4, 0, 1, 'BoletoBancario', 'candidosg@gmail.com'),
	(331, '_Ab123', NULL, NULL, 60000, '2011-11-07 23:18:44', 4, 0, 1, 'BoletoBancario', 'candidosg@gmail.com'),
	(332, '_Ab123', NULL, NULL, 60000, '2011-11-07 23:20:07', 4, 0, 1, 'BoletoBancario', 'candidosg@gmail.com'),
	(333, '_Ab123', NULL, NULL, 60000, '2011-11-07 23:20:32', 4, 0, 1, 'BoletoBancario', 'candidosg@gmail.com'),
	(334, '_Ab123', NULL, NULL, 60000, '2011-11-07 23:40:02', 4, 0, 1, 'BoletoBancario', 'candidosg@gmail.com'),
	(335, '_Ab123', NULL, NULL, 60000, '2011-11-07 23:41:59', 4, 0, 1, 'BoletoBancario', 'candidosg@gmail.com'),
	(336, '_Ab123', NULL, NULL, 60000, '2011-11-07 23:43:10', 4, 0, 1, 'BoletoBancario', 'candidosg@gmail.com'),
	(337, '_Ab123', NULL, NULL, 60000, '2011-11-07 23:45:22', 4, 0, 1, 'BoletoBancario', 'candidosg@gmail.com'),
	(338, '_Ab123', NULL, NULL, 60000, '2011-11-07 23:46:32', 4, 0, 1, 'BoletoBancario', 'candidosg@gmail.com'),
	(339, '_Ab123', NULL, NULL, 60000, '2011-11-07 23:49:06', 4, 0, 1, 'BoletoBancario', 'candidosg@gmail.com'),
	(340, '', NULL, NULL, 60000, '2011-11-09 10:53:50', 2, 7814660, 91, 'BoletoBancario', 'darlan.r.o@hotmail.com'),
	(341, '', NULL, NULL, 60000, '2011-11-09 10:53:54', 3, 7814660, 91, 'BoletoBancario', 'darlan.r.o@hotmail.com'),
	(342, '', NULL, NULL, 60000, '2011-11-09 10:54:41', 2, 7814675, 91, 'BoletoBancario', 'jonas.acritica9@gmail.com'),
	(343, '', NULL, NULL, 60000, '2011-11-09 10:54:44', 3, 7814675, 91, 'BoletoBancario', 'jonas.acritica9@gmail.com'),
	(344, '', NULL, NULL, 60000, '2011-11-09 16:44:19', 2, 7820806, 91, 'BoletoBancario', 'donatoasilva@hotmail.com'),
	(345, '', NULL, NULL, 60000, '2011-11-09 16:44:25', 3, 7820806, 91, 'BoletoBancario', 'donatoasilva@hotmail.com'),
	(346, '', NULL, NULL, 60000, '2011-11-09 17:19:09', 2, 7821269, 91, 'BoletoBancario', 'maninho.pi@hotmail.com'),
	(347, '', NULL, NULL, 60000, '2011-11-09 17:19:14', 3, 7821269, 91, 'BoletoBancario', 'maninho.pi@hotmail.com'),
	(348, '', NULL, NULL, 70000, '2011-11-10 09:22:48', 2, 7829182, 91, 'BoletoBancario', 'maninho.pi@hotmail.com'),
	(349, '', NULL, NULL, 70000, '2011-11-10 09:22:53', 3, 7829182, 91, 'BoletoBancario', 'maninho.pi@hotmail.com'),
	(350, '', NULL, NULL, 70000, '2011-11-10 09:35:17', 2, 7829355, 91, 'BoletoBancario', 'maninho.pi@hotmail.com'),
	(351, '', NULL, NULL, 70000, '2011-11-10 09:35:24', 3, 7829355, 91, 'BoletoBancario', 'maninho.pi@hotmail.com'),
	(352, '', NULL, NULL, 60000, '2011-11-10 13:21:19', 2, 7832855, 91, 'BoletoBancario', 'maninho.pi@hotmail.com'),
	(353, '', NULL, NULL, 60000, '2011-11-10 13:21:26', 3, 7832855, 91, 'BoletoBancario', 'maninho.pi@hotmail.com'),
	(354, '', NULL, NULL, 60000, '2011-11-10 17:28:56', 2, 7836997, 91, 'BoletoBancario', 'mauroamw@hotmail.com'),
	(355, '', NULL, NULL, 60000, '2011-11-10 17:29:05', 3, 7836997, 91, 'BoletoBancario', 'mauroamw@hotmail.com'),
	(356, '', NULL, NULL, 60000, '2011-11-15 12:20:06', 2, 7891321, 91, 'BoletoBancario', 'georgenegreiros@hotmail.com'),
	(357, '', NULL, NULL, 60000, '2011-11-15 12:20:10', 3, 7891321, 91, 'BoletoBancario', 'georgenegreiros@hotmail.com'),
	(358, '', NULL, NULL, 70000, '2011-11-15 20:19:18', 4, 7662256, 91, 'BoletoBancario', 'fmmendes.med@hotmail.com'),
	(359, NULL, 333, 'FRANCISCO EUDES DE OLIVEIRA', 60000, '2011-11-15 22:27:14', NULL, NULL, NULL, NULL, NULL),
	(360, '', NULL, NULL, 70000, '2011-11-16 12:01:08', 2, 7903038, 91, 'BoletoBancario', 'maninho.pi@hotmail.com'),
	(361, '', NULL, NULL, 70000, '2011-11-16 12:01:11', 3, 7903038, 91, 'BoletoBancario', 'maninho.pi@hotmail.com'),
	(362, NULL, 334, 'JOÃO LUCAS DE ALCOBAÇA PAES LANDIM', 60000, '2011-11-16 17:09:01', NULL, NULL, NULL, NULL, NULL),
	(363, '', NULL, NULL, 70000, '2011-11-17 11:24:41', 3, 7917302, 91, 'BoletoBancario', 'maninho.pi@hotmail.com'),
	(364, '', NULL, NULL, 70000, '2011-11-17 11:24:50', 3, 7917302, 91, 'BoletoBancario', 'maninho.pi@hotmail.com'),
	(365, NULL, 335, 'gabriela visgueira alves', 60000, '2011-11-18 11:22:46', NULL, NULL, NULL, NULL, NULL),
	(366, NULL, 336, 'Lucio Ledio de Souza', 60000, '2011-11-18 14:31:42', NULL, NULL, NULL, NULL, NULL),
	(367, NULL, 337, 'Adelaine Fonseca Ferreira', 60000, '2011-11-18 14:43:25', NULL, NULL, NULL, NULL, NULL),
	(368, '366', NULL, NULL, 60000, '2011-11-18 14:46:36', 3, 7937267, 91, 'BoletoBancario', 'antoniolucio@hotmail.com.br'),
	(369, '', NULL, NULL, 70000, '2011-11-18 14:49:18', 3, 7937242, 91, 'BoletoBancario', 'maninho.pi@hotmail.com'),
	(370, '367', NULL, NULL, 60000, '2011-11-18 14:50:23', 3, 7937397, 91, 'BoletoBancario', 'antoniolucio@hotmail.com.br'),
	(371, '', NULL, NULL, 70000, '2011-11-18 14:51:20', 3, 7937242, 91, 'BoletoBancario', 'maninho.pi@hotmail.com'),
	(372, '366', NULL, NULL, 60000, '2011-11-18 14:52:58', 3, 7937267, 91, 'BoletoBancario', 'antoniolucio@hotmail.com.br'),
	(373, '367', NULL, NULL, 60000, '2011-11-18 14:53:09', 3, 7937397, 91, 'BoletoBancario', 'antoniolucio@hotmail.com.br'),
	(374, NULL, 338, 'Raphael Rocha da Silva', 60000, '2011-11-18 15:12:17', NULL, NULL, NULL, NULL, NULL),
	(375, '374', NULL, NULL, 60000, '2011-11-18 15:13:14', 2, 7937718, 91, 'BoletoBancario', 'antoniolucio@hotmail.com.br'),
	(376, '374', NULL, NULL, 60000, '2011-11-18 15:13:18', 3, 7937718, 91, 'BoletoBancario', 'antoniolucio@hotmail.com.br'),
	(377, NULL, 339, 'Antonio Lucio Rodrigues Alves', 60000, '2011-11-18 15:21:42', NULL, NULL, NULL, NULL, NULL),
	(378, '377', NULL, NULL, 60000, '2011-11-18 15:22:03', 2, 7937828, 91, 'BoletoBancario', 'antoniolucio@hotmail.com.br'),
	(379, '377', NULL, NULL, 60000, '2011-11-18 15:22:09', 3, 7937828, 91, 'BoletoBancario', 'antoniolucio@hotmail.com.br'),
	(380, NULL, 340, 'Jaqueline Saraiva de Lima', 60000, '2011-11-19 13:59:53', NULL, NULL, NULL, NULL, NULL),
	(381, NULL, 341, 'Geraldo Amancio Guedes Junior', 60000, '2011-11-19 17:21:46', NULL, NULL, NULL, NULL, NULL),
	(382, NULL, 342, 'Albino Luciany Guedes', 60000, '2011-11-19 17:36:52', NULL, NULL, NULL, NULL, NULL),
	(383, '382', NULL, NULL, 60000, '2011-11-19 17:38:02', 2, 7948560, 91, 'BoletoBancario', 'albinolg@hotmail.com'),
	(384, '382', NULL, NULL, 60000, '2011-11-19 17:38:38', 3, 7948560, 91, 'BoletoBancario', 'albinolg@hotmail.com'),
	(385, NULL, 343, 'Luciano Bomfim Leite Landim', 60000, '2011-11-20 09:31:46', NULL, NULL, NULL, NULL, NULL),
	(386, NULL, 344, 'Arthur Deolindo Campelo Marinho Filho', 60000, '2011-11-20 10:30:52', NULL, NULL, NULL, NULL, NULL),
	(387, '386', NULL, NULL, 60000, '2011-11-20 10:33:11', 2, 7952606, 91, 'BoletoBancario', 'a_deolindo@hotmail.com'),
	(388, '386', NULL, NULL, 60000, '2011-11-20 10:33:31', 3, 7952606, 91, 'BoletoBancario', 'a_deolindo@hotmail.com'),
	(389, '', NULL, NULL, 60000, '2011-11-20 10:37:38', 2, 7952649, 91, 'BoletoBancario', 'georgenegreiros@hotmail.com'),
	(390, '', NULL, NULL, 60000, '2011-11-20 10:38:52', 3, 7952649, 91, 'BoletoBancario', 'georgenegreiros@hotmail.com');
/*!40000 ALTER TABLE `transacao_moip` ENABLE KEYS */;


# Dumping structure for table marketingpolit.usuario
CREATE TABLE IF NOT EXISTS `usuario` (
  `id` int(11) NOT NULL AUTO_INCREMENT,
  `nome` varchar(45) DEFAULT NULL,
  `login` varchar(45) DEFAULT NULL,
  `senha` varchar(45) DEFAULT NULL,
  `regra` varchar(45) DEFAULT NULL,
  `email` varchar(45) DEFAULT NULL,
  `tel` varchar(45) DEFAULT NULL,
  `data_criacao` datetime DEFAULT NULL,
  `data_atualizacao` datetime DEFAULT NULL,
  `deletado` int(11) DEFAULT NULL,
  `usuario_id_atualizacao` int(11) DEFAULT NULL,
  `ultimo_acesso` datetime DEFAULT NULL,
  `usuario_id_criacao` int(11) DEFAULT NULL,
  `data_deletado` datetime DEFAULT NULL,
  `usuario_id_deletado` int(11) DEFAULT NULL,
  PRIMARY KEY (`id`),
  KEY `fk_usuario_usuario1` (`usuario_id_atualizacao`),
  KEY `fk_usuario_usuario2` (`usuario_id_criacao`),
  CONSTRAINT `fk_usuario_usuario1` FOREIGN KEY (`usuario_id_atualizacao`) REFERENCES `usuario` (`id`) ON DELETE NO ACTION ON UPDATE NO ACTION,
  CONSTRAINT `fk_usuario_usuario2` FOREIGN KEY (`usuario_id_criacao`) REFERENCES `usuario` (`id`) ON DELETE NO ACTION ON UPDATE NO ACTION
) ENGINE=InnoDB AUTO_INCREMENT=5 DEFAULT CHARSET=utf8;

# Dumping data for table marketingpolit.usuario: ~4 rows (approximately)
/*!40000 ALTER TABLE `usuario` DISABLE KEYS */;
REPLACE INTO `usuario` (`id`, `nome`, `login`, `senha`, `regra`, `email`, `tel`, `data_criacao`, `data_atualizacao`, `deletado`, `usuario_id_atualizacao`, `ultimo_acesso`, `usuario_id_criacao`, `data_deletado`, `usuario_id_deletado`) VALUES
	(1, 'Cândido', 'candidosales', 'admincandido', 'administrador', 'candidosg@gmail.com', '(86) 9933-5216', '2011-08-31 19:44:04', '2011-09-16 01:50:46', 0, 1, NULL, NULL, NULL, NULL),
	(2, 'Carlos Manhanelli', 'manhanelli', 'carlos2011', 'assistente', 'candidosg@gmail.com', '(444) 4444-4444', '2011-09-12 23:52:49', '2011-09-16 01:48:02', 0, 1, NULL, 1, NULL, NULL),
	(3, 'Cândido Gomes Neto', 'candidogomes', 'sucesso', 'assistente', 'candido@vendepublicidade.com.br', '(86) 9933-5216', '2011-09-20 22:45:34', '2011-10-17 18:13:00', 0, 1, NULL, 1, NULL, NULL),
	(4, 'Rubia', 'rubiavende', 'rub1avende', 'assistente', 'secretaria@vendepublicidade.com.br', '(86) 8804-2355', '2011-11-09 16:42:11', '2011-11-09 16:42:11', 0, 1, '2011-11-09 16:42:11', 1, '2011-11-09 16:42:11', NULL);
/*!40000 ALTER TABLE `usuario` ENABLE KEYS */;
/*!40101 SET SQL_MODE=@OLD_SQL_MODE */;
/*!40014 SET FOREIGN_KEY_CHECKS=@OLD_FOREIGN_KEY_CHECKS */;
/*!40101 SET CHARACTER_SET_CLIENT=@OLD_CHARACTER_SET_CLIENT */;
