# --------------------------------------------------------
# Host:                         127.0.0.1
# Server version:               5.5.8-log
# Server OS:                    Win32
# HeidiSQL version:             6.0.0.3603
# Date/time:                    2011-08-30 13:10:35
# --------------------------------------------------------

/*!40101 SET @OLD_CHARACTER_SET_CLIENT=@@CHARACTER_SET_CLIENT */;
/*!40101 SET NAMES utf8 */;
/*!40014 SET @OLD_FOREIGN_KEY_CHECKS=@@FOREIGN_KEY_CHECKS, FOREIGN_KEY_CHECKS=0 */;
/*!40101 SET @OLD_SQL_MODE=@@SQL_MODE, SQL_MODE='NO_AUTO_VALUE_ON_ZERO' */;

# Dumping database structure for vendepublicida3
CREATE DATABASE IF NOT EXISTS `vendepublicida3` /*!40100 DEFAULT CHARACTER SET latin1 */;
USE `vendepublicida3`;


# Dumping structure for table vendepublicida3.cliente
CREATE TABLE IF NOT EXISTS `cliente` (
  `id` int(11) NOT NULL AUTO_INCREMENT,
  `nome` varchar(150) NOT NULL,
  `email` varchar(150) NOT NULL,
  `endereco` text NOT NULL,
  `cidade` varchar(100) NOT NULL,
  `estado` varchar(10) NOT NULL,
  `pais` varchar(100) NOT NULL,
  `cep` varchar(20) NOT NULL,
  `tipo` varchar(20) NOT NULL,
  `instituicao` varchar(150) DEFAULT NULL,
  `empresa` varchar(100) DEFAULT NULL,
  `celular` varchar(20) NOT NULL,
  `data_nasc` date NOT NULL,
  `data_inscricao` datetime NOT NULL,
  `confirma_pagamento` int(11) NOT NULL,
  `data_confirma_pagamento` datetime DEFAULT NULL,
  `twitter` varchar(100) DEFAULT NULL,
  `cpf` varchar(20) NOT NULL,
  `rg` varchar(20) NOT NULL,
  `tipo_participacao` varchar(20) NOT NULL,
  `usuario_id_deletado` int(11) NOT NULL,
  `deletado` int(11) NOT NULL,
  `data_deletado` datetime NOT NULL,
  `grupo_id` int(11) NOT NULL,
  `grupo_nome` varchar(50) NOT NULL,
  PRIMARY KEY (`id`)
) ENGINE=InnoDB AUTO_INCREMENT=228 DEFAULT CHARSET=utf8;

# Dumping data for table vendepublicida3.cliente: ~135 rows (approximately)
/*!40000 ALTER TABLE `cliente` DISABLE KEYS */;
REPLACE INTO `cliente` (`id`, `nome`, `email`, `endereco`, `cidade`, `estado`, `pais`, `cep`, `tipo`, `instituicao`, `empresa`, `celular`, `data_nasc`, `data_inscricao`, `confirma_pagamento`, `data_confirma_pagamento`, `twitter`, `cpf`, `rg`, `tipo_participacao`, `usuario_id_deletado`, `deletado`, `data_deletado`, `grupo_id`, `grupo_nome`) VALUES
	(32, 'Cândido Sales Gomes', 'candidosg@gmail.com', 'Av. Pres. Kennedy, 4560', 'Teresina', 'Piauí', 'Brasil', '64.000-000', 'profissional', NULL, 'SINAPRO', '(86) 9933-5216', '0000-00-00', '2011-05-18 23:50:36', 1, '2011-08-26 00:50:47', 'candidosales', '006.737.443-37', '2586911', 'apoio', 0, 0, '0000-00-00 00:00:00', 0, ''),
	(33, 'Steve James de Lima Fernandes', 'stevejarte@hotmail.com', 'Rua Manoel Domingues, 1717', 'Teresina', 'Piauí', 'Brasil', '64.000-000', 'profissional', NULL, 'Vende Publicidade', '(86) 9440-9970', '0000-00-00', '2011-05-19 08:38:51', 1, '2011-06-02 21:16:27', 'stevejdesigner', '021.422.743-07', '5014569', 'inscrito', 0, 0, '0000-00-00 00:00:00', 0, ''),
	(34, 'Susyanne Alves de Oliveira', 'susyanneoliveira@hotmail.com', 'Quadra 167, Casa 02, Dirceu 2', 'Teresina', 'Piauí', 'Brasil', '64.078-040', 'profissional', NULL, 'Vende Publicidade', '(86) 8811-0170', '0000-00-00', '2011-05-19 09:04:05', 1, '2011-06-02 21:16:49', 'susyalves', '006.894.813-14', '2368152', 'inscrito', 0, 0, '0000-00-00 00:00:00', 0, ''),
	(40, 'Último Campos Reis Bezerra Filgueira', 'ultimo_campos@hotmail.com', 'Rua Manoel Nogueira Lima - 1545 - Jockey', 'Teresina', 'Piauí', 'Brasil', '64.049-190', 'profissional', NULL, 'WJ Gráfica', '(86) 9921-4620', '0000-00-00', '2011-05-19 11:46:41', 0, NULL, 'ultimocampos', '620.410.103-04', '2741215', 'inscrito', 0, 0, '0000-00-00 00:00:00', 0, ''),
	(43, 'João de Deus Valadares', 'artevaladares@hotmail.com', 'Rua Facundes Varela N°2647 Primavera II', 'Teresina', 'Piauí', 'Brasil', '64.048-000', 'profissional', NULL, 'Vende Publicidade LTDA', '(86) 9409-2071', '0000-00-00', '2011-05-19 14:37:19', 1, '2011-06-02 21:08:25', '', '937.039.963-15', '2.173.154', 'inscrito', 0, 0, '0000-00-00 00:00:00', 0, ''),
	(44, 'Bruno Giordânio L da Silva', 'brunogiodanio@hotmail.com', 'Rua Sapucaia 6384 Poty Velho', 'Teresina', 'Piauí', 'Brasil', '64.048-000', 'profissional', NULL, 'sinapro', '(86) 9472-2293', '0000-00-00', '2011-05-19 14:45:32', 1, '2011-08-25 22:32:26', '', '007.699.573-90', '2.233.060', 'apoio', 0, 0, '0000-00-00 00:00:00', 0, ''),
	(45, 'Rafael Rodriques do Nascimento', 'rafaelamc21@hotmail.com', 'Francisco Nunes/Santa Maria da Codipi 2863', 'Teresina', 'Piauí', 'Brasil', '64.012-410', 'profissional', NULL, 'Sinapro', '(86) 9996-1780', '0000-00-00', '2011-05-19 14:52:48', 0, NULL, '', '017.985.553-01', '2634000', 'apoio', 0, 0, '0000-00-00 00:00:00', 0, ''),
	(47, 'Cicero Gilberto P de Sousa', 'cicerogilberto@yahoo.com.br', 'Rua Adalberto Correa lima,711 Ininga', 'Teresina', 'Piauí', 'Brasil', '64.049-000', 'profissional', NULL, 'Vende Publicidade LTDA', '(86) 9467-8351', '0000-00-00', '2011-05-19 15:43:48', 1, '2011-06-02 21:09:27', '', '228.649.893-77', '97010030495', 'inscrito', 0, 0, '0000-00-00 00:00:00', 0, ''),
	(48, 'AUGUSTO CEZAR DE ABREU COSTA', 'gutoabreu@hotmail.com', 'RUA LUCÍDIO FREITAS, 2660, B. PORENQUANTO', 'Teresina', 'Piauí', 'Brasil', '64.002-300', 'profissional', NULL, 'GRÁFICA ATHENAS', '(86) 8803-4857', '0000-00-00', '2011-05-19 16:51:41', 0, NULL, '', '009.511.803-98', '2.279.678', 'inscrito', 5, 1, '2011-06-03 14:53:49', 0, ''),
	(50, 'Daniel Sales Ribeiro Gonçalves', 'danbind@gmail.com', 'Rua Professor Jose Eduardo Pereira', 'Teresina', 'Piauí', 'Brasil', '64.049-640', 'estudante', 'IFPI', NULL, '(86) 9927-0973', '1986-10-28', '2011-05-19 21:42:25', 0, '2011-05-30 18:03:33', '', '007.304.313-39', '2503793', 'inscrito', 5, 1, '2011-06-03 15:07:40', 0, ''),
	(51, 'rafael paixão silva', 'faelpaixaorps@gmail.com', 'rua méxico, 1346, bairro Cristo Rei', 'Teresina', 'Piauí', 'Brasil', '64.016-600', 'profissional', NULL, 'Chroma Comunicação ltda', '(86) 9427-3079', '1985-11-04', '2011-05-20 16:44:42', 1, '2011-05-31 16:07:46', '_faelpaixao', '013.815.223-35', '2341457', 'inscrito', 0, 0, '0000-00-00 00:00:00', 0, ''),
	(52, 'Francisco Robson Neres da Silva', 'robsonneres@hotmail.com', 'Quadra V, Casa 11, Residencial Mário Covas', 'Teresina', 'Piauí', 'Brasil', '64.034-640', 'profissional', NULL, 'Chroma Comunição', '(86) 9449-2131', '1984-07-13', '2011-05-20 16:50:16', 1, '2011-05-31 16:09:04', 'robsonneres', '006.310.283-82', '2.296.921 ssp-pi', 'inscrito', 0, 0, '0000-00-00 00:00:00', 0, ''),
	(54, 'ADRIANO MONTEIRO REIS', 'drikoreis@gmail.com', 'Rua Pedreiras, 1401', 'Caxias', 'Maranhão', 'Brasil', '65.604-440', 'profissional', NULL, 'Gráfica JM Ltda', '(99) 8114-1261', '0000-00-00', '2011-05-21 10:34:40', 0, NULL, 'adrireis', '490.111.033-00', '1841038', 'inscrito', 5, 1, '2011-06-03 14:46:38', 0, ''),
	(55, 'Robert de Carvalho Souza', 'robertsalmus@hotmail.com', 'av cntenario 3685 aeroporto', 'Teresina', 'Piauí', 'Brasil', '64.003-700', 'profissional', NULL, 'Propag Comunicaçao Visual ', '(86) 9932-6787', '1987-03-21', '2011-05-21 18:30:48', 1, '2011-06-03 16:56:06', '', '617.225.963-68', '2363570', 'inscrito', 0, 0, '0000-00-00 00:00:00', 0, ''),
	(56, 'JOSE DE ARIMATEIA QUINTO SILVA FILHO', 'arimateia05@gmail.com', 'QUADRA 60 CASA 20 A', 'Teresina', 'Piauí', 'Brasil', '64.083-010', 'profissional', NULL, 'IMPACTA COMUNICAÇÃO E DESIGN', '(86) 9412-8544', '1988-05-05', '2011-05-23 23:31:03', 0, '2011-05-30 18:09:27', 'arimateiaquinto', '600.368.663-42', '2576565', 'inscrito', 5, 1, '2011-06-03 15:01:46', 0, ''),
	(57, 'Phillipe Xadai M. de Oliveira', 'xadai@helvetica12.com', 'Av. Nações Unidas, 1123 - Vermelha', 'Teresina', 'Piauí', 'Brasil', '64.019-230', 'estudante', 'AESPI', NULL, '(86) 9977-8855', '1987-01-29', '2011-05-24 11:42:04', 0, '2011-05-30 17:55:59', 'PhillipeXadai', '020.546.593-55', '2504331PI', 'inscrito', 5, 1, '2011-06-03 15:43:46', 0, ''),
	(58, 'LEANDRO SILVA DIAS', 'LEODIAS.ARTE@GMAIL.COM', 'CONJUNTO SENADOR KENNEDY, CASA 35 - PIÇARRA', 'TERESINA', 'PIAUÍ', 'BRASIL', '64.016-230', 'profissional', NULL, 'AMC PUBLICIDADE LTDA', '(86) 9959-1261', '1986-09-25', '2011-05-24 17:04:19', 1, '2011-05-31 16:08:43', 'LEO_DIAS', '005.262.103-03', '2.303.325 - SSP / PI', 'inscrito', 0, 0, '0000-00-00 00:00:00', 0, ''),
	(59, 'GEOVANNIA NATASHA MOREIRA DE MOURA', 'geovanniamoura@hotmail.com', 'RUA RIO GRANDE DO SUL', 'Teresina', 'Piauí', 'Brasil', '64.001-550', 'profissional', NULL, 'SINAPRO', '(86) 9924-5058', '0000-00-00', '2011-05-25 10:02:11', 0, NULL, 'Geovannia', '021.892.443-74', '2505283', 'apoio', 0, 0, '0000-00-00 00:00:00', 0, ''),
	(60, 'Rômulo Oliveira Barros', 'romuloobarros@gmail.com', 'Rua Nair Ramalho, 2665', 'Teresina', 'Piauí', 'Brasil', '64.045-580', 'profissional', NULL, 'Ass. Administrativo - IFPI', '(86) 8841-1404', '1983-10-30', '2011-05-25 10:48:18', 0, '2011-05-31 14:48:45', '', '995.818.253-04', '2232408', 'inscrito', 0, 0, '0000-00-00 00:00:00', 0, ''),
	(62, 'Paulo José Brito da Silva (Paulo Urso)', 'cartunistaurso@hotmail.com', 'Rua Celso Pinheiro, 2055, Cond. Riviera, Ed.Mônaco, aptº 103', 'Teresina', 'Piauí', 'Brasil', '64.015-310', 'profissional', NULL, 'Jornal Tribuna do Piauí e Revista Cenário', '(86) 9948-2792', '0000-00-00', '2011-05-25 12:33:01', 0, NULL, '', '224.345.648-60', '44066652', 'apoio', 0, 0, '0000-00-00 00:00:00', 0, ''),
	(64, 'Daniellen Dias Negreiros', 'nelleinaddn@hotmail.com', 'Quadra 39 Casa 150', 'Teresina', 'Piauí', 'Brasil', '64.020-240', 'estudante', 'Cesvale', NULL, '(86) 8808-7179', '1986-04-23', '2011-05-25 17:08:16', 1, '2011-05-31 16:09:48', 'nelleinad', '027.429.393-50', '2209900', 'inscrito', 0, 0, '0000-00-00 00:00:00', 0, ''),
	(65, 'vilsselle hallyne bastos de oliveira', 'vilsselle@hotmail.com', 'conjunto uniao 2 quarda 4 casa 15', 'Teresina', 'Piauí', 'Brasil', '64.009-490', 'estudante', 'CESVALE', NULL, '(86) 8117-5040', '1989-07-17', '2011-05-25 19:14:47', 0, '2011-05-31 14:51:43', 'vilsselle', '031.990.733-36', '5022591', 'inscrito', 0, 0, '0000-00-00 00:00:00', 0, ''),
	(66, 'RAFAEL MORAES TELLES', 'rmtrafael@hotmail.com', 'RUA ISAIAS COELHO, 3637, APT 201', 'Teresina', 'Piauí', 'Brasil', '', 'profissional', NULL, 'MARCA COMUNICAÇÃO E MARKETING', '(86) 9976-6623', '1983-10-24', '2011-05-25 19:18:56', 0, '2011-05-31 14:47:04', '', '004.365.353-78', '36752595-0', 'inscrito', 5, 1, '2011-06-03 15:53:45', 0, ''),
	(112, 'GLAUCIANE JEANNE ARAUJO LOURENO', 'jeanny.loureno@gmail.com', 'RUA RAIMUNDO REGO LOBÃO 4381', 'Teresina', 'Piauí', 'Brasil', '64.010-230', 'estudante', 'Aespi - Teresina', NULL, '(86) 8832-2603', '2011-09-24', '2011-05-26 11:50:22', 0, '2011-05-30 18:07:07', '', '008.000.973-51', '2296206', 'inscrito', 5, 1, '2011-06-03 15:50:21', 0, ''),
	(113, 'CARLOS ALBERTO SILVEIRA SOUSA DANTAS JÚNIOR', 'masterredacao@hotmail.com', 'QUADRA 60 CASA 11 BELA VISTA II', 'Teresina', 'Piauí', 'Brasil', '64.030-100', 'profissional', NULL, '-', '(86) 9404-1195', '0000-00-00', '2011-05-26 11:55:43', 0, NULL, '', '892.648.603-63', '2.091.740', 'apoio', 0, 0, '0000-00-00 00:00:00', 0, ''),
	(114, 'Dário de Paulo Castro', 'darioalemanha@hotmail.com', 'rua miosótis 303 apt 1802', 'Teresina', 'Piauí', 'Brasil', '64.048-130', 'estudante', 'Ceut', NULL, '(86) 9974-2208', '1979-09-06', '2011-05-26 13:40:08', 1, '2011-05-31 16:02:13', 'dariopcastro', '834.611.243-20', '1861500', 'inscrito', 0, 0, '0000-00-00 00:00:00', 0, ''),
	(116, 'Erie Dias Santos', 'eryeffvii@hotmail.com', 'Rua Major Sebastião Saraiva, 2300', 'Teresina', 'Piauí', 'Brasil', '', 'estudante', 'SENAC', NULL, '(86) 9940-3633', '0000-00-00', '2011-05-26 14:37:29', 0, '2011-05-30 18:05:07', '', '036.074.523-77', '2636738', 'inscrito', 5, 1, '2011-06-03 15:20:53', 0, ''),
	(117, 'Antonio Marcos de Oliveira Sousa', 'amos.piaui@gmail.com', 'Rua Gabriel Ferreira 547', 'Teresina', 'Piauí', 'Brasil', '64.000-250', 'estudante', 'Aespi', NULL, '(86) 8105-8388', '2011-04-11', '2011-05-26 15:18:31', 0, '2011-05-30 18:00:05', '', '515.308.803-00', '124290', 'inscrito', 5, 1, '2011-06-03 14:52:11', 0, ''),
	(118, 'Pollyanna de Paola de Oliveira Soares', 'polly.polly87@hotmail.com', 'Av Uirapuru N°449', 'Timon', 'Piauí', 'Brasil', '65.630-000', 'profissional', NULL, 'SINAPRO', '(86) 8825-3064', '0000-00-00', '2011-05-26 15:31:47', 0, NULL, '', '021.498.683-77', '2428054 ', 'apoio', 0, 0, '0000-00-00 00:00:00', 0, ''),
	(119, 'Estevão dos Santos Aguiar', 'estevaosaguiar@hotmail.com', 'Rua Basílio Alves de Carvalho, 2090 Parque Alvorada', 'Teresina', 'Piauí', 'Brasil', '64.004-470', 'profissional', NULL, 'Plug Propaganda', '(86) 9981-7834', '1981-04-21', '2011-05-26 15:59:48', 1, '2011-05-31 16:00:22', 'estevaoaguiar', '898.039.813-15', '2.055.587 SSP-PI', 'inscrito', 0, 0, '0000-00-00 00:00:00', 0, ''),
	(120, 'Danylo Henrique Moura Mendes', 'danylo@plugpropaganda.com.br', 'Rua Mario Teodomiro de Carvalho 1354 - Ininga', 'Teresina', 'Piauí', 'Brasil', '64.049-820', 'profissional', NULL, 'Plug Propaganda e Marketing Ltda', '(86) 9452-0487', '1983-01-06', '2011-05-26 16:02:12', 1, '2011-05-31 15:59:31', 'plugpropaganda', '932.719.643-00', '1873559', 'inscrito', 0, 0, '0000-00-00 00:00:00', 0, ''),
	(121, 'Aline Neves da Costa', 'alnneves@gmail.com', 'rua des josé loureço, 280', 'Teresina', 'Piauí', 'Brasil', '64.046-240', 'profissional', NULL, 'Plug Propagadanda', '(86) 9412-7419', '1982-07-15', '2011-05-26 16:03:50', 1, '2011-05-31 16:00:11', 'aline_neves', '934.910.183-15', '2175565', 'inscrito', 0, 0, '0000-00-00 00:00:00', 0, ''),
	(122, 'samia de brito cardoso vernieri', 'samiabrito@hotmail.com', 'rua médio oto soares', 'Teresina', 'Piauí', 'Brasil', '', 'profissional', NULL, 'Plug Propaganda', '(86) 9913-2422', '1974-02-12', '2011-05-26 16:19:21', 1, '2011-05-31 15:59:56', 'samiabrito', '704.907.913-87', '1196785', 'inscrito', 0, 0, '0000-00-00 00:00:00', 0, ''),
	(123, 'MARIA DE LOURDES DE ALMEIDA', 'sa@sapropaganda.com.br', 'MANOEL DOMINQUES N°2635 PORENQUANTO', 'Teresina', 'Piauí', 'Brasil', '64.003-073', 'estudante', 'S/A PROPAGANDA', NULL, '(86) 2107-8181', '0000-00-00', '2011-05-26 16:40:06', 1, '2011-05-31 16:07:21', '', '074.067.768-37', '3585487', 'inscrito', 0, 0, '0000-00-00 00:00:00', 0, ''),
	(124, 'ONILDO DE CASTRO MOURA FILHO', 'sa@sapropaganda.com.br', 'RUA TERRITORIO FERNANDO DE NORONHA 2401 AEROPORTO', 'Teresina', 'Piauí', 'Brasil', '64.002-390', 'profissional', NULL, 's/a propagandas', '(86) 2107-8181', '0000-00-00', '2011-05-26 17:01:14', 1, '2011-05-31 16:07:07', '', '803.866.793-04', '1574686', 'inscrito', 0, 0, '0000-00-00 00:00:00', 0, ''),
	(125, 'George Henrique de Araújo Mendes', 'george@plugpropaganda.com.br', 'Rua Anfrísio Lobão 1200', 'Teresina', 'Piauí', 'Brasil', '64.049-280', 'profissional', NULL, 'Plug Propaganda e Marketing Ltda', '(86) 9452-0487', '1957-12-22', '2011-05-26 17:53:56', 1, '2011-05-31 15:57:43', 'georgehmendes', '096.281.933-68', '141884 ', 'inscrito', 0, 0, '0000-00-00 00:00:00', 0, ''),
	(126, 'Pedro Henrique Moura Mendes', 'pedro@plugpropaganda.com.br', 'Rua Mario Teodomiro de Carvalho 1354 - Ininga', 'Teresina', 'Piauí', 'Brasil', '64.049-820', 'profissional', NULL, 'Plug Propaganda e Marketing Ltda', '(86) 9452-0487', '1987-02-23', '2011-05-26 17:56:08', 1, '2011-05-31 15:59:18', 'plugpropaganda', '978.751.553-04', '2.228.311 ', 'inscrito', 0, 0, '0000-00-00 00:00:00', 0, ''),
	(127, 'Dilson Tavares Lima', 'dilsontavares@live.com', 'Rua Padre Cirilo Chaves; N-1877;Edifício Vinicius de Moraes,apto.501; Bairro dos Noivos', 'Teresina', 'Piauí', 'Brasil', '64.045-310', 'estudante', 'CEUT (Centro de Ensino Unificado de Teresina)', NULL, '(86) 9405-5713', '1986-03-13', '2011-05-26 18:06:49', 1, '2011-06-05 09:34:05', 'DilsonTavares', '014.253.593-10', '2577879', 'inscrito', 5, 0, '2011-06-03 15:10:23', 0, ''),
	(129, 'Heráclito Antão de Alencar', 'heraclitoalencar@hotmail.com', 'Conj. Morada Nova II Q-21 Bl-3 Apt-202', 'Teresina', 'Piauí', 'Brasil', '64.023-222', 'profissional', NULL, 'Não Trabalho', '(86) 9933-7242', '0000-00-00', '2011-05-26 19:05:43', 1, '2011-06-01 14:57:05', '', '028.911.303-24', '2319345', 'inscrito', 0, 0, '0000-00-00 00:00:00', 0, ''),
	(132, 'DANIEL DE SOUSA VERAS', 'daniel_palhetada@hotmail.com', 'QUADRA 04 CASA 15 A', 'Teresina', 'Piauí', 'Brasil', '64.083-080', 'profissional', NULL, 'IMPACTA COMUNICAÇÃO', '(86) 9422-6941', '1984-08-10', '2011-05-26 19:43:04', 0, '2011-05-30 18:03:11', 'impactanaweb', '669.015.613-34', '2202945', 'inscrito', 5, 1, '2011-06-03 16:38:49', 0, ''),
	(135, 'Bruno Rodrigues Pereira', 'brrunoww@gmail.com', 'Rua Paissandú 1726, Centro-Sul', 'Teresina', 'Piauí', 'Brasil', '64.001-120', 'profissional', NULL, 'SORTEIO SEBRAE', '(86) 8814-3437', '0000-00-00', '2011-05-26 20:26:44', 0, NULL, 'brrunoww', '034.265.653-82', '2.577.329 ssppi', 'convite', 0, 0, '0000-00-00 00:00:00', 0, ''),
	(137, 'IRINEU MELO SANTIAGO', 'sa@sapropaganda.com.br', 'MANOEL DOMINQUES N°2635 PORENQUANTO', 'Teresina', 'Piauí', 'Brasil', '64.003-073', 'profissional', NULL, 's/a propagandas', '(86) 2107-8181', '0000-00-00', '2011-05-27 09:34:46', 1, '2011-05-31 16:04:46', '', '273.257.843-68', '669797', 'inscrito', 0, 0, '0000-00-00 00:00:00', 0, ''),
	(138, 'PAULO HENRIQUE BRAGA SILVA', 'sa@sapropaganda.com.br', 'RUA ARLINDO NOQUEIRA 1674 VILA OPERARIA', 'Teresina', 'Piauí', 'Brasil', '64.002-390', 'profissional', NULL, 's/a propagandas', '(86) 2107-8181', '0000-00-00', '2011-05-27 09:43:33', 1, '2011-05-31 16:04:27', '', '553.778.073-91', '1337928', 'inscrito', 0, 0, '0000-00-00 00:00:00', 0, ''),
	(139, 'ODAIR JOSÉ SILVA', 'sa@sapropaganda.com.br', 'RUA ANISIO DE ABREU 436 CENTRO', 'Teresina', 'Piauí', 'Brasil', '64.000-330', 'profissional', NULL, 's/a propagandas', '(86) 2107-8188', '0000-00-00', '2011-05-27 09:58:53', 1, '2011-05-31 16:04:17', '', '439.668.703-63', '1149262', 'inscrito', 0, 0, '0000-00-00 00:00:00', 0, ''),
	(140, 'karlos regazzon de lima fernandes', 'karlosr@gmail.com', 'rua manoel domingues, 1717 - norte - mafuá', 'Teresina', 'Piauí', 'Brasil', '64.003-073', 'profissional', NULL, 'Plug Propaganda', '(86) 8106-6789', '1979-12-06', '2011-05-27 10:27:02', 1, '2011-05-31 16:00:42', 'karlosrega', '641.567.963-53', '1538286', 'inscrito', 0, 0, '0000-00-00 00:00:00', 0, ''),
	(141, 'Iolany Mauriz de Galiza', 'iolanymauirz@hotmail.com', 'Teresina', 'Teresina', 'Piauí', 'Brasil', '64.000-160', 'profissional', NULL, '-', '(86) 9476-5298', '0000-00-00', '2011-05-27 12:52:00', 0, NULL, 'Iolanygaliza', '850.746.083-68', '1649960 SSP PI', 'apoio', 0, 0, '0000-00-00 00:00:00', 0, ''),
	(142, 'marina lima costa', 'marinalima.pub@gmail.com', 'rua quintino bocaiuva, 2531', 'Teresina', 'Piauí', 'Brasil', '64.016-060', 'profissional', NULL, 'Forum - Centro de Formação, Estudos e Pesquisas', '(86) 8842-1646', '0000-00-00', '2011-05-27 14:17:18', 1, '2011-06-02 11:29:20', 'marina_lima', '033.300.213-06', '2632015', 'inscrito', 0, 0, '0000-00-00 00:00:00', 0, ''),
	(143, 'SARAH MARIA MEDEIROS DE AQUIAR LIMA', 'sara@referenciacm.com.br', 'RUA DESEMBARGADOR FREITAS 1531', 'Teresina', 'Piauí', 'Brasil', '64.048-000', 'profissional', NULL, 'REFERENCIA COMUNICAÇÃO E MARKETING', '(86) 9921-5771', '0000-00-00', '2011-05-27 16:22:27', 1, '2011-06-05 10:02:38', '', '916.699.603-15', '1963053', 'inscrito', 0, 0, '0000-00-00 00:00:00', 0, ''),
	(144, 'THIAGO DARTANIEVES ANDRADE BARRETO', 'thiagodaka@hotmail.com', 'RUA SANTA LUZIA 2573', 'Teresina', 'Piauí', 'Brasil', '64.001-400', 'profissional', NULL, 'TV ASSEMBLEIA / 4IDÉIASPRODUÇÕES', '(86) 9913-5955', '1989-02-05', '2011-05-27 20:30:02', 0, '2011-05-31 14:50:44', 'THIAGODAKA', '032.585.873-02', '2808306', 'inscrito', 0, 0, '0000-00-00 00:00:00', 0, ''),
	(145, 'ROSIVALDO MEDEIROS DOS SANTOS', 'rosivaldo.medeiros@hotmail.com', 'RUA AREIA LEÃO BAIRRO NOSSA SENHORA DAS GRAÇAS', 'Teresina', 'Piauí', 'Brasil', '64.016-700', 'profissional', NULL, 'PRIORATTO COMUNICAÇÃO', '(86) 8867-8499', '1985-08-03', '2011-05-27 20:32:07', 0, '2011-05-31 14:48:56', '', '005.827.183-09', '2.343.606', 'inscrito', 0, 0, '0000-00-00 00:00:00', 0, ''),
	(146, 'MAURICIO BRITO LIMA DE MORAIS', 'artefinalpublicidade@gmail.com', 'QUADRA ', 'Teresina', 'Piauí', 'Brasil', '', 'profissional', NULL, 'ARTEFINAL', '(86) 8845-4080', '1987-08-03', '2011-05-27 20:33:23', 1, '2011-05-31 16:08:24', '', '799.883.183-91', '1786146', 'inscrito', 0, 0, '0000-00-00 00:00:00', 0, ''),
	(147, 'Renata Reis Barreto', 'renata_reiss@yahoo.com.br', 'Avenida Raul Lopes, 1905 Ed. Villa Mediterrâneo Cond. Corinto', 'Teresina', 'Piauí', 'Brasil', '64.056-010', 'profissional', NULL, 'Embarque Turismo', '(86) 9995-6579', '1985-06-25', '2011-05-28 09:13:30', 1, '2011-06-05 08:53:46', 'renatareis', '011.029.713-08', '2340717', 'inscrito', 0, 0, '0000-00-00 00:00:00', 0, ''),
	(148, 'MARTA IRIS LUSTOSA MACHADO', 'martalustosa15@hotmail.com', 'QUADRA 220 CASA 03 DIRCEU ARCOVERDE II', 'Teresina', 'Piauí', 'Brasil', '64.078-180', 'estudante', 'FACULDADE CEUT', NULL, '(86) 8823-0663', '1982-06-15', '2011-05-28 13:44:40', 1, '2011-05-31 16:08:03', '', '965.408.003-63', '2.045.504', 'inscrito', 0, 0, '0000-00-00 00:00:00', 0, ''),
	(149, 'Carlos André da Silva Nogueira', 'can_designer@hotmail.com', 'Porto, 2030 - Monte Castelo', 'Teresina', 'Piauí', 'Brasil', '64.019-500', 'estudante', 'CEUT', NULL, '(86) 8868-9585', '1980-08-21', '2011-05-28 13:54:29', 1, '2011-06-01 14:57:57', 'nogueira_3dan ', '000.208.605-01', '935897518', 'inscrito', 0, 0, '0000-00-00 00:00:00', 0, ''),
	(150, 'Sérgio Silva Loureiro', 'sloureiro_fotografia@hotmail.com', 'Rua Motorista Gregoório n˚2824 Planalto Ininga ', 'Teresina', 'Piauí', 'Brasil', '64.052-140', 'estudante', 'Associação de Ensino Superior do Piauí ', NULL, '(86) 9419-1785', '1989-08-05', '2011-05-28 16:05:33', 1, '2011-05-31 16:18:11', '', '019.484.683-01', '5000.278', 'inscrito', 0, 0, '0000-00-00 00:00:00', 0, ''),
	(151, 'FRANCISCO RAFAEL BARBOSA DUTRA', 'nancrax@hotmail.com', 'RUA PEDRO JOSÉ GOMES  ,  Nº 309  ', 'TIMON', 'MARANHÃO', 'Brasil', '65.633-050', 'estudante', 'AESPI - ASSOCIAÇÃO DE ENSINO SUPERIOR DO PIAUÍ', NULL, '(86) 9441-9884', '1988-05-10', '2011-05-29 03:53:12', 0, '2011-05-30 18:06:35', '', '600.233.053-47', '2277091  - SSP/PI', 'inscrito', 5, 1, '2011-06-03 15:45:25', 0, ''),
	(152, 'André de Sousa Cunha', 'andredsousa@hotmail.com', 'Quadra 08 Casa 28 S/C  ', 'Teresina-Mocambinho-I', 'Piauí', 'Brasil', '64.010-810', 'estudante', 'Aespi', NULL, '(86) 8833-3672', '1982-01-04', '2011-05-29 10:27:46', 1, '2011-06-05 09:37:23', 'mimbó', '658.612.053-53', '2.044.673', 'inscrito', 0, 0, '0000-00-00 00:00:00', 0, ''),
	(153, 'Marcelo Christian de Sousa da Rocha Freitas', 'mcfreitas@live.com', 'Território Fernando de Noronha, 2388, Apto. 101 D, - Bairro: Aeroporto', 'Teresina', 'Piauí', 'Brasil', '64.007-250', 'estudante', 'Centro de Ensino Unificado de Teresina - CEUT', NULL, '(86) 8112-8125', '1990-01-21', '2011-05-29 16:28:10', 1, '2011-06-01 14:57:32', 'diduzin', '034.013.313-96', '5030941', 'inscrito', 0, 0, '0000-00-00 00:00:00', 0, ''),
	(154, 'VANILTON ', 'elite-eventos@hotmail.com', 'AV. UNIVERSITARIA 520', 'Teresina', 'Piauí', 'Brasil', '64.049-550', 'profissional', NULL, 'ELITE EVENTOS', '(86) 9920-1555', '1976-09-20', '2011-05-29 16:35:40', 0, '2011-05-31 14:51:28', '', '576.450.863-00', 'VANILTON SOARES RODR', 'inscrito', 0, 0, '0000-00-00 00:00:00', 0, ''),
	(156, 'Júlia Maria Silva de Galiza', 'galizajulia@hotmail.com', 'R. Orlando Carvalho 4620', 'Teresina', 'Piauí', 'Brasil', '64.055-290', 'profissional', NULL, 'ADV6', '(86) 9964-4353', '1985-09-08', '2011-05-30 08:57:21', 1, '2011-05-31 16:03:59', 'galizajulia', '002.755.363-94', '2334112', 'inscrito', 0, 0, '0000-00-00 00:00:00', 0, ''),
	(157, 'Evandro Galvan de Sousa', 'egalvan85@hotmail.com', 'Quadra 119 Lote 09 Casa B - Bairro Promorar', 'Teresina', 'Piauí', 'Brasil', '64.027-100', 'profissional', NULL, 'ADV/6', '(86) 8824-9660', '1985-02-03', '2011-05-30 08:57:27', 1, '2011-05-31 16:03:50', '', '046.500.829-19', '2234548', 'inscrito', 0, 0, '0000-00-00 00:00:00', 0, ''),
	(158, 'francilio ribeiro martins', 'franciliomartins@hotmail.com', 'rua anisio de abreu, 916 - centro', 'Teresina', 'Piauí', 'Brasil', '64.001-330', 'profissional', NULL, 'adv6', '(86) 9482-1236', '1981-04-19', '2011-05-30 09:00:28', 1, '2011-05-31 16:02:31', '', '014.384.483-31', '2058711', 'inscrito', 0, 0, '0000-00-00 00:00:00', 0, ''),
	(159, 'Biani Luna de Carvalho', 'bianiluna@yahoo.com.br', 'Rua professor Pires Gayoso 449 - Noivos', 'Teresina', 'Piauí', 'Brasil', '64.046-350', 'profissional', NULL, 'Editora Blitz Universitária', '(86) 9901-6347', '1986-06-30', '2011-05-30 09:05:33', 1, '2011-05-31 16:02:43', 'bianilu', '003.184.203-84', '2279142', 'inscrito', 0, 0, '0000-00-00 00:00:00', 0, ''),
	(160, 'Thiago de Araujo Morais', 'thiagoaraujom@hotmail.cm', 'Conjunto Santa Fé Q14 C06', 'Teresina', 'Piauí', 'Brasil', '64.028-787', 'estudante', 'Comunicação Social - Jornalismo', NULL, '(86) 8801-7233', '0000-00-00', '2011-05-30 09:15:54', 1, '2011-05-31 16:01:45', '', '004.803.453-33', '2354926', 'inscrito', 0, 0, '0000-00-00 00:00:00', 0, ''),
	(161, 'Paulo Roberto Pinheiro de Araújo ', 'paulopele$$@hotmail.com', 'av. Pedro Freitas nº 1400', 'Teresina', 'Piauí', 'Brasil', '64.018-000', 'profissional', NULL, 'Pele Authentic', '(86) 8842-4990', '1963-11-30', '2011-05-30 10:27:17', 0, '2011-05-31 14:46:51', '', '217.708.673-68', '525763', 'inscrito', 5, 1, '2011-06-03 15:51:57', 0, ''),
	(162, 'welliton da silva veras', 'junior_wma@hotmail.com', 'rua josé beleza, 72 - b. cabral', 'Teresina', 'Piauí', 'Brasil', '64.000-670', 'profissional', NULL, 'design - vendas', '(86) 8833-3257', '1978-06-06', '2011-05-30 10:46:30', 0, '2011-05-30 18:11:53', '', '805.887.863-49', '1867702', 'inscrito', 0, 0, '0000-00-00 00:00:00', 0, ''),
	(163, 'Caio Napoleão do Rêgo Pinheiro', 'caio@adv6.com.br', 'Rua Vereador Edmundo Oliveira, 2981.São Cristóvão.', 'Teresina', 'Piauí', 'Brasil', '64.055-030', 'profissional', NULL, 'ADV6', '(86) 9411-5160', '2011-04-25', '2011-05-30 10:53:00', 1, '2011-05-31 16:03:28', 'caionapoleao', '975.035.683-72', '2238853', 'inscrito', 0, 0, '0000-00-00 00:00:00', 0, ''),
	(164, 'PAULO SOLANO REIS MARTINS', 'paulosolanomartins@gmail.com', 'AV. SENADOR ARÊA LEÃO, 1675 - ED.VILLE CLERMONT- APT:100', 'Teresina', 'Piauí', 'Brasil', '64.049-110', 'profissional', NULL, 'ADV/6 LTDA', '(86) 9432-9986', '1983-11-24', '2011-05-30 11:15:40', 1, '2011-05-31 16:03:13', 'paulosolano', '956.901.743-00', '2093439', 'inscrito', 0, 0, '0000-00-00 00:00:00', 0, ''),
	(165, 'Rebeca Jardim Silva ', 're_becajardim@yahoo.com.br', 'Desembargador Mota, 65, Monte Castelo', 'Teresina', 'Piauí', 'Brasil', '64.016-270', 'estudante', 'UESPI', NULL, '(86) 8808-1266', '1986-08-02', '2011-05-30 11:28:44', 0, '2011-05-31 14:48:15', 'Rebeca Jardim ', '025.890.213-21', 'rebeca jardim da sil', 'inscrito', 5, 1, '2011-06-03 15:58:40', 0, ''),
	(166, 'Dárcio helder da Cunha Souto', 'darciosoutto@gmail.com', 'Rua oscar Gil castelo Branco, 832', 'Teresina', 'Piauí', 'Brasil', '64.055-030', 'profissional', NULL, 'ADV6', '(86) 9962-8645', '1972-05-16', '2011-05-30 11:33:37', 1, '2011-05-31 16:03:39', '', '340.316.932-49', '199584420026', 'inscrito', 0, 0, '0000-00-00 00:00:00', 0, ''),
	(167, 'Lucas Vasconcelos Duarte', 'lucas.publicity@gmail.com', 'Avenida João Antonio Leitão 3691', 'Teresina', 'Piauí', 'Brasil', '64.055-400', 'estudante', 'CEUT - Centro de Ensino Unificado de Teresina', NULL, '(86) 8115-5322', '1987-11-18', '2011-05-30 12:09:59', 0, '2011-05-30 18:11:01', '', '026.822.103-09', '2001002008334', 'inscrito', 5, 1, '2011-06-03 15:32:03', 0, ''),
	(168, 'Jamylle Paiva Tabatinga', 'jam_photo@hotmail.com', 'Rua Jacob Almendra, 398, Bairro Porenquanto ', 'Teresina', 'Piauí', 'Brasil', '64.003-000', 'estudante', 'Centro de Ensino Unificado de Teresina- CEUT', NULL, '(86) 9423-6903', '1991-01-13', '2011-05-30 13:44:10', 1, '2011-05-31 16:10:18', 'Ja_ams', '034.536.913-00', '2902858', 'inscrito', 0, 0, '0000-00-00 00:00:00', 0, ''),
	(169, 'Sérgio Marinho Pereira', 'nilmarnunes2006@hotmail.com', 'Rua 05,nº 10522, Angelim I', 'Teresina', 'Piauí', 'Brasil', '64.034-100', 'estudante', 'Centro Educacional Integrado do Angelim', NULL, '(86) 9419-6042', '1984-07-11', '2011-05-30 14:41:00', 0, '2011-05-31 14:49:39', '', '007.591.233-21', '2351094 SSP-PI', 'inscrito', 0, 0, '0000-00-00 00:00:00', 0, ''),
	(170, 'Avelaino Henrique Nunes Martins', 'avelaino@zabumbapropaganda.com.br', 'Rua Marechal Dutra, Nº 5896, Bairro Lourival Parente', 'Teresina', 'Piauí', 'Brasil', '64.022-250', 'profissional', NULL, 'Diretor de Criação', '(86) 8803-3833', '1974-11-07', '2011-05-30 14:45:56', 1, '2011-05-31 16:01:09', '', '722.552.343-00', 'Avelaino Henrique Nu', 'inscrito', 0, 0, '0000-00-00 00:00:00', 0, ''),
	(171, 'Daniel Santos Moura', 'hulk@zabumbapropanda.com.br', 'Rua Miosótis, Nº 205, Bairro Jóquei', 'Teresina', 'Piauí', 'Brasil', '64.048-130', 'profissional', NULL, 'Diretor de Criação', '(86) 8802-8702', '1982-04-07', '2011-05-30 15:10:21', 1, '2011-05-31 16:01:22', 'hulknroll', '920.073.093-00', 'Daniel Santos Moura', 'inscrito', 0, 0, '0000-00-00 00:00:00', 0, ''),
	(172, 'Breno Ponte de Brito', 'brenobr@uol.com.br', 'Rua Visconde da Parnaíba, 3377 - ap. 1201', 'Teresina', 'Piauí', 'Brasil', '64.049-570', 'profissional', '', 'Blog Broadside', '(86) 8803-1174', '0000-00-00', '2011-05-30 15:41:28', 1, '2011-08-25 22:27:47', 'brenobrito', '818.810.293-87', '1934548', 'imprensa', 0, 0, '0000-00-00 00:00:00', 0, ''),
	(174, 'Carlos Augusto do Vale Lopes Júnior', 'diretoria@sucessopublicidade.com.br', 'Rua Desembargador Freitas, 685', 'Teresina', 'Piauí', 'Brasil', '64.000-240', 'profissional', NULL, 'Sucesso Publicidade', '(86) 9442-4557', '1979-10-12', '2011-05-30 15:50:13', 1, '2011-05-31 16:56:52', '', '774.568.823-04', '1654581', 'inscrito', 0, 0, '0000-00-00 00:00:00', 0, ''),
	(175, 'Zaione Parma de Albuquerque', 'zaione@hotmail.com', 'Rua Desembargador Freitas, 685 - Centro', 'Teresina', 'Piauí', 'Brasil', '64.000-240', 'profissional', NULL, 'Sucesso Publicidade', '(86) 8804-5903', '1972-06-05', '2011-05-30 15:56:58', 1, '2011-05-31 16:54:20', 'zaioneparma', '450.877.413-04', '1.296.163 SSP-MA', 'inscrito', 0, 0, '0000-00-00 00:00:00', 0, ''),
	(176, 'Iasminne Nunes Fortes Antero', 'i.nunesfortes@gmail.com', 'Rua Valdemar Martins, Conjunto Juraci Marques, Quadra C, Casa 03, Bairro Morada do Sol', 'Teresina', 'Piauí', 'Brasil', '64.055-280', 'estudante', 'SUCESSO PUBLICIDADE', NULL, '(86) 8812-4893', '0000-00-00', '2011-05-30 16:00:46', 1, '2011-06-01 18:15:42', 'Iasminne_Fortes', '600.408.123-08', '2579417', 'inscrito', 0, 0, '0000-00-00 00:00:00', 0, ''),
	(177, 'José Marcos Pereira Bezerra', 'artea3@gmail.com', 'Rua Paissandu, 1726, centro', 'Teresina', 'Piauí', 'Brasil', '', 'profissional', NULL, 'Sucesso Publicidade', '(86) 9998-3823', '1961-03-19', '2011-05-30 16:31:09', 1, '2011-06-02 15:47:16', '', '432.807.303-68', '1925103', 'inscrito', 0, 0, '0000-00-00 00:00:00', 0, ''),
	(178, 'Paulo Campos', 'paulomarketing@uol.lco', 'REs. Santa Monica , Bl-18 apt. 301', 'Teresina', 'Piauí', 'Brasil', '64.049-790', 'profissional', NULL, 'cafeoito', '(86) 8833-0078', '1968-12-19', '2011-05-30 17:00:46', 1, '2011-06-03 15:41:25', '', '327.356.693-00', 'Paulo Cesar Pereira ', 'inscrito', 0, 0, '0000-00-00 00:00:00', 0, ''),
	(179, 'Antônio Carlos de Oliveira', 'antoniocarlos1308@hotmail.com', 'Rua 07 de setembro, 1095, centro norte', 'Teresina', 'Piauí', 'Brasil', '64.001-210', 'profissional', NULL, 'Sucesso Publicidade', '(86) 8825-4202', '1952-08-13', '2011-05-30 17:05:31', 1, '2011-05-31 16:55:32', 'thonycharles', '047.375.553-04', '11605927', 'inscrito', 0, 0, '0000-00-00 00:00:00', 0, ''),
	(180, 'MARCELO GAYOSO FONTENELLE', 'marcelogayoso@gmail.com', 'Rua Professor Madeira - Bairro Horto', 'Teresina', 'Piauí', 'Brasil', '64.052-480', 'profissional', NULL, 'sucesso publicidade', '(86) 9411-8847', '1977-06-11', '2011-05-30 17:13:38', 1, '2011-05-31 16:56:29', 'marceloteresina', '800.015.991-00', '1301781', 'inscrito', 0, 0, '0000-00-00 00:00:00', 0, ''),
	(181, 'Francisco Sanatiel Rodrigues da Costa', 'sanatiel@sucessopublicidade.com.br', 'Conj Ipase, Quadra F, Casa 156 - Aeroporto', 'Teresina', 'Piauí', 'Brasil', '64.006-050', 'profissional', NULL, 'Sucesso Publicidade', '(86) 9925-2043', '1973-08-12', '2011-05-30 17:13:46', 1, '2011-06-01 17:47:12', '', '554.567.743-72', '1225447', 'inscrito', 0, 0, '0000-00-00 00:00:00', 0, ''),
	(183, 'Cândido Gomes Neto', 'candido@vendepublicidade.com.br', 'Rua Visconde da Parnaíba, 3030', 'Teresina', 'Piauí', 'Brasil', '64.049-570', 'profissional', NULL, 'Vende Publicidade', '(86) 9991-0959', '0000-00-00', '2011-05-30 23:23:29', 1, '2011-05-31 17:43:38', 'candidogomesnet', '226.270.903-30', '542162', 'inscrito', 0, 0, '0000-00-00 00:00:00', 0, ''),
	(185, 'RAFAEL REIS PIRES ALENCAR', 'faelbass@hotmail.com', 'QUADRA 20  CASA 17', 'Teresina', 'Piauí', 'Brasil', '64.030-050', 'profissional', NULL, 'OK MULTIMIDIA', '(86) 8849-8058', '1988-01-06', '2011-05-31 08:00:30', 0, '2011-05-31 14:47:34', '', '032.867.153-36', '2630293', 'inscrito', 0, 0, '0000-00-00 00:00:00', 0, ''),
	(186, 'Marcio Aurélio Modesto de Sousa', 'marciosousa.midiaexterna@gmail.com', 'Quadra 1, Bloco 19, Ap. 201, Tancredo Neves', 'Teresina', 'Piauí', 'Brasil', '64.176-085', 'profissional', NULL, 'Vende Publicidade', '(86) 9921-3941', '0000-00-00', '2011-05-31 15:28:26', 1, '2011-05-31 16:41:54', '', '833.854.103-63', '1651366', 'inscrito', 0, 0, '0000-00-00 00:00:00', 0, ''),
	(187, 'Mayrana de Almeida Galas', 'lurialmeida@hotmail.com', 'Rua Manoel Domingues nº 2635 Apto 101', 'Teresina', 'Piauí', 'Brasil', '64.003-073', 'estudante', 'CEUT - estaginando na S/A Propaganda', NULL, '(86) 9424-1479', '1992-11-09', '2011-05-31 16:25:12', 1, '2011-05-31 16:33:47', '', '058.429.933-84', '3220.648 - PI', 'inscrito', 0, 0, '0000-00-00 00:00:00', 0, ''),
	(188, 'Rodolpho Henrique Neiva ', 'rodolphoneiva@yahoo.com.br', 'r mot gregorio, 3340. Ed Vale dos Chas apto 104-B', 'Teresina', 'Piauí', 'Brasil', '64.000-000', 'estudante', 'CEUT', NULL, '(86) 9910-9461', '1983-01-28', '2011-05-31 17:00:44', 1, '2011-06-01 15:44:22', 'rodolphoneiva', '001.178.321-46', '3.567.274', 'inscrito', 0, 0, '0000-00-00 00:00:00', 0, ''),
	(189, 'Isabel Monteiro', 'isabel-ita-18@hotmail.com', 'Avenida Capitão Adão de Carvalho ', 'Teresina', 'Piauí', 'Brasil', '64.055-400', 'profissional', NULL, 'IMPRENSA', '(86) 8818-0534', '0000-00-00', '2011-05-31 19:56:22', 0, NULL, 'isabelzita', '033.509.703-03', '2635952', 'imprensa', 0, 0, '0000-00-00 00:00:00', 0, ''),
	(191, 'Ileida Sales Costa Gomes', 'vende@vendepublicidade.com.br', 'Rua Visconde da Parnaíba, 3030', 'Teresina', 'Piauí', 'Brasil', '64.000-000', 'profissional', NULL, 'Vende Publicidade', '(86) 8849-2819', '0000-00-00', '2011-05-31 22:37:28', 1, '2011-06-01 17:55:27', '', '353.803.903-82', '758050', 'inscrito', 0, 0, '0000-00-00 00:00:00', 0, ''),
	(194, 'Pablo Meneses Lages', 'pablage@hotmail.com', 'Dep. Sebastião Leal Satelite, 4252', 'Teresina', 'Piauí', 'Brasil', '00.000-000', 'estudante', 'Não tem', NULL, '(86) 9987-1949', '0000-00-00', '2011-06-02 19:54:16', 1, '2011-06-03 10:17:19', '', '028.870.033-30', '1873774', 'inscrito', 0, 0, '2011-06-02 19:54:16', 0, ''),
	(195, 'Arthur Henrique Portela de Sousa', 'arthur_@hotmail.com', 'Rua Desembargador Adalberto Correia, 711 Ininga', 'Teresina', 'Piauí', 'Brasil', '64.049-680', 'estudante', 'Não tem', NULL, '(86) 0000-0000', '0000-00-00', '2011-06-02 19:56:03', 1, '2011-06-03 10:09:37', '', '048.398.143-50', '3438559', 'inscrito', 0, 0, '0000-00-00 00:00:00', 0, ''),
	(196, 'Carlos Augusto F. Lima', 'carlos@pi.sebrae.com.br', 'Bloco 05 - AP 304 Condomínio Torquato Neto', 'Teresina', 'Piauí', 'Brasil', '64.015-050', 'estudante', 'Não tem', NULL, '(86) 9427-6488', '2011-11-17', '2011-06-02 19:57:53', 1, '2011-06-03 10:16:20', '', '217.295.493-49', '523323', 'inscrito', 5, 1, '2011-06-03 15:11:00', 0, ''),
	(197, 'Wilson Fernando Rego Filho', 'financeiro@vivagencia.com.br', 'Av. Nossa Senhora de Fátima 1557 Fátima', 'Teresina', 'Piauí', 'Brasil', '', 'estudante', '-', NULL, '(86) 0000-0000', '0000-00-00', '2011-06-02 20:05:31', 1, '2011-06-03 18:27:11', 'vivagencia', '470.586.923-00', '1376845', 'inscrito', 0, 0, '0000-00-00 00:00:00', 0, ''),
	(198, 'Thyago Freitas Marques de Moura', 'financeiro@vivagencia.com.br', 'Av. Nossa Senhora de Fátima 1557 Fátima', 'Teresina', 'Piauí', 'Brasil', '64.000-000', 'estudante', 'Não tem', NULL, '(86) 0000-0000', '2011-06-28', '2011-06-02 20:08:17', 1, '2011-06-03 15:21:51', '', '001.223.143-60', '2166514', 'inscrito', 0, 0, '2011-06-02 20:08:17', 0, ''),
	(199, 'Ivanara Reis Sousa Lustosa Brandão', 'financeiro@vivagencia.com.br', 'Av. Nossa Senhora de Fátima 1557 Fátima', 'Teresina', 'Piauí', 'Brasil', '64.000-000', 'estudante', 'Não tem', NULL, '(86) 0000-0000', '0000-00-00', '2011-06-02 20:09:14', 1, '2011-06-03 15:25:42', 'vivagencia', '700.356.283-91', '1459255', 'inscrito', 0, 0, '2011-06-02 20:09:14', 0, ''),
	(200, 'Fábio Rodrigues Pitombeira', 'fabiopitombeira@gmail.com', 'Rua Ari Barroso, 317 - Monte Castelo', 'Teresina', 'Piauí', 'Brasil', '64.016-210', 'estudante', 'sorteio 180 graus', NULL, '(86) 9991-9524', '0000-00-00', '2011-06-02 20:10:03', 0, NULL, 'fabiopitombeira', '801.700.133-91', '2741069', 'convite', 0, 0, '0000-00-00 00:00:00', 0, ''),
	(201, 'Solteiro, 22 anos sexo masculino', 'fps88@ig.com.br', 'rua soledade nº5606 vila cidade leste', 'Teresina', 'Piauí', 'Brasil', '64.057-115', 'profissional', NULL, 'Vision art ', '(86) 9472-1134', '1988-11-09', '2011-06-02 20:10:56', 0, NULL, '', '039.742.093-52', 'Francisco Pereira da', 'inscrito', 1, 1, '2011-06-05 10:28:46', 0, ''),
	(202, 'Cândido Sales', 'candidosg@gmail.com', '', '', '', '', '', '', NULL, NULL, '(86) 9933-5216', '0000-00-00', '2011-06-02 20:23:49', 0, NULL, NULL, '', '', 'inscrito', 1, 1, '2011-06-02 20:56:38', 28, 'Vende Publicidade'),
	(203, 'Cândido Gomes', 'candido@vendepublicidade.com.br', '', '', '', '', '', '', NULL, NULL, '(86) 9991-0959', '0000-00-00', '2011-06-02 20:24:08', 0, NULL, NULL, '', '', 'inscrito', 1, 1, '2011-06-02 20:52:50', 28, 'Vende Publicidade'),
	(204, 'Roberval Ribeiro', 'arte@vendepublicidade.com.br', '', '', '', '', '', '', NULL, NULL, '(86) 9931-2803', '0000-00-00', '2011-06-02 20:24:38', 0, NULL, NULL, '', '', 'inscrito', 1, 1, '2011-06-02 20:57:16', 28, 'Vende Publicidade'),
	(205, 'Melka Letícia de Sousa Monteiro', 'xxxx@xxxx.com', 'Não tem', 'Teresina', 'Piauí', 'Brasil', '64.000-000', 'estudante', 'TV CLUBE', NULL, '(86) 0000-0000', '0000-00-00', '2011-06-02 21:45:13', 0, NULL, '', '003.486.363-00', '2.164.000', 'apoio', 0, 0, '0000-00-00 00:00:00', 0, ''),
	(206, 'Wanderson Farias de Oliveira', 'xxxx@xxxx.com', 'RUA 18, 2630 SANTO ANTONIO', 'Teresina', 'Piauí', 'Brasil', '64.000-000', 'profissional', NULL, 'TV CLUBE', '(86) 0000-0000', '0000-00-00', '2011-06-02 21:46:10', 0, NULL, '', '039.956.103-07', '000000000', 'apoio', 0, 0, '0000-00-00 00:00:00', 0, ''),
	(207, 'Itelcino Bento Ferreira Filho', 'xxxx@xxxx.com', 'TV CLUBE', 'Teresina', 'Piauí', 'Brasil', '64.000-000', 'profissional', NULL, 'TV CLUBE', '(86) 0000-0000', '0000-00-00', '2011-06-02 21:46:56', 0, NULL, '', '227.538.853-20', ':639002', 'apoio', 0, 0, '0000-00-00 00:00:00', 0, ''),
	(208, 'Roger de Arruda Alves', 'xxxx@xxxx.com', 'Não tem', 'Teresina', 'Piauí', 'Brasil', '64.000-000', 'profissional', NULL, 'TV CLUBE', '(86) 0000-0000', '0000-00-00', '2011-06-02 21:47:35', 0, NULL, '', '396.428.283-91', '727296', 'apoio', 0, 0, '0000-00-00 00:00:00', 0, ''),
	(209, 'Celia Revilandia Costa', 'celiarevilandia@gmail.com', 'Não tem', 'Teresina', 'Piauí', 'Brasil', '64.000-000', 'estudante', 'Não tem', NULL, '(86) 9932-1121', '0000-00-00', '2011-06-02 21:54:55', 0, NULL, '', '634.268.891-53', '3105902', 'inscrito', 5, 1, '2011-06-03 14:55:43', 0, ''),
	(210, 'Wellington Araújo de Sousa', 'wellington.arte@globo.com', 'Rua Arlindo Nogueira, 1700/N - Vila Operária', 'Teresina', 'Piauí', 'Brasil', '64.002-390', 'profissional', NULL, 'Extensão Publicidade', '(86) 9436-4898', '1975-12-18', '2011-06-03 15:32:44', 1, '2011-06-05 08:54:18', '', '471.018.733-91', '1199437-SSP/PI', 'inscrito', 0, 0, '2011-06-03 15:32:44', 0, ''),
	(211, 'SARA MEDEIROS NUNES DE CASTRO', 'SARINHAMEDEIROS@GMAIL.COM', 'RUA BENTO CLARINDO BASTOS 1731, DOS NOIVOS', 'Teresina', 'Piauí', 'Brasil', '64.045-120', 'profissional', NULL, 'NOVA COMUNICACAO LTDA', '(86) 9425-6000', '1988-04-17', '2011-06-03 16:31:12', 1, '2011-06-05 08:53:58', '', '629.766.213-49', '1977092', 'inscrito', 0, 0, '2011-06-03 16:31:12', 0, ''),
	(212, 'JARDIEL AMORIM SILVA', 'JARDIEL_AMORIM@HOTMAIL.COM', 'QUADRA C CASA 7 BAIRRO ALTO DA RESSURREIÇAO', 'Teresina', 'Piauí', 'Brasil', '64.027-511', 'profissional', NULL, 'NOVA COMUNICACAO LTDA', '(86) 8802-3708', '1979-09-06', '2011-06-03 16:40:49', 1, '2011-06-05 08:53:14', '', '333.333.333-91', '1818436', 'inscrito', 0, 0, '2011-06-03 16:40:49', 0, ''),
	(213, 'SILVANA MARA FORTES DE ALBUQUERQUE', 'SILVANAFORTES@HOTMAIL.COM', 'PARQUE PIAUI Q-119- CASA 5', 'Teresina', 'Piauí', 'Brasil', '64.025-100', 'profissional', NULL, 'NOVA COMUNICACAO LTDA', '(86) 8824-2458', '1978-11-05', '2011-06-03 16:43:20', 1, '2011-06-05 10:01:30', '', '892.694.623-15', '1950421', 'inscrito', 0, 0, '2011-06-03 16:43:20', 0, ''),
	(214, 'Pedro Pletitsch ', 'xxxx@xxxx.com', 'Não tem', 'Teresina', 'Piauí', 'Brasil', '64.000-000', 'profissional', NULL, 'Não tem', '(11) 9158-7990', '0000-00-00', '2011-06-04 08:38:51', 0, NULL, '', '010.101.010-10', '0000000000', 'convite', 0, 0, '0000-00-00 00:00:00', 0, ''),
	(215, 'Vinicius Antonio Lustosa Bezerra', 'vinib_tequin6izi@hotmail.com', 'Rua Odeth Nunes N° 3643', 'Teresina', 'Piauí', 'Brasil', '64.000-000', 'estudante', 'Não tem ', NULL, '(86) 9802-3400', '0000-00-00', '2011-06-05 08:32:53', 1, '2011-06-05 08:35:37', '', '007.426.113-45', '2271579', 'inscrito', 0, 0, '0000-00-00 00:00:00', 0, ''),
	(216, 'Roberval Ribeiro de S. Júnior', 'xxxx@xxxx.com', 'Rua Dom Bosco, 3500, Vila Bandeirante II', 'Teresina', 'Piauí', 'Brasil', '64.000-000', 'profissional', NULL, 'Sinapro', '(86) 9435-4831', '0000-00-00', '2011-06-05 08:34:52', 0, NULL, '', '526.593.133-34', '1215593', 'inscrito', 0, 0, '0000-00-00 00:00:00', 0, ''),
	(217, 'Jardiel', 'jardiel_amorim@hotmail.com', 'Quadra C, Casa 07, Alto da Ressureição', 'Teresina', 'Piauí', 'Brasil', '64.027-511', 'estudante', 'Não tem', NULL, '(86) 8802-3708', '0000-00-00', '2011-06-05 08:36:55', 1, '2011-06-05 08:53:23', 'jardiel_amorim', '020.202.020-20', '1818436', 'inscrito', 1, 1, '2011-06-05 08:54:39', 0, ''),
	(218, 'Monia Nogueira Barbosa de Lucena', 'monia.lucena@hotmail.com', 'AV. Barão de Gurgueia, 3601 - Cond. D. Avelar, Q-10, Apt. 303 B. Tabuleta', 'Teresina', 'Piauí', 'Brasil', '64.000-000', 'profissional', NULL, 'Eclética', '(86) 9984-3300', '0000-00-00', '2011-06-05 08:39:21', 1, '2011-06-05 09:33:30', 'monia_07', '693.621.492-49', '1563891', 'inscrito', 0, 0, '2011-06-05 08:39:21', 0, ''),
	(219, 'Liudimar Mendes Pinheiro', 'liudimar@gmail.com', 'Rua David Caldas, 3406, Tabuleta', 'Teresina', 'Piauí', 'Brasil', '64.000-000', 'profissional', NULL, 'Eclética', '(86) 9916-4779', '0000-00-00', '2011-06-05 08:41:00', 1, '2011-06-05 09:33:41', 'LiuPinheiro', '647.115.103-97', '1655277', 'inscrito', 0, 0, '2011-06-05 08:41:00', 0, ''),
	(220, 'Márcio da Penha Ferreira Lima', 'marcio_sephyrot@hotmail.com', 'Residencial Socorro Monte Q-A C-18', 'Teresina', 'Piauí', 'Brasil', '64.000-000', 'profissional', NULL, 'Diário do Povo', '(86) 0000-0000', '0000-00-00', '2011-06-05 08:42:39', 0, NULL, '', '030.303.030-30', '2299799', 'imprensa', 0, 0, '0000-00-00 00:00:00', 0, ''),
	(221, 'Wilna Fernanda de Brito Araújo', 'xxxx@xxxx.com', 'Q-C C-25 , Giovani Prado', 'Teresina', 'Piauí', 'Brasil', '64.000-000', 'profissional', NULL, 'Diário do Povo', '(86) 0000-0000', '0000-00-00', '2011-06-05 08:44:08', 0, NULL, '', '040.404.004-04', '2043803', 'imprensa', 0, 0, '0000-00-00 00:00:00', 0, ''),
	(222, 'Maria da Guia Rodrigues de Amorim', 'xxxx@xxxx.com', 'Av. Duque de Caxias, 5736', 'Teresina', 'Piauí', 'Brasil', '64.000-000', 'profissional', NULL, 'Diário do Povo', '(86) 0000-0000', '0000-00-00', '2011-06-05 08:45:55', 0, NULL, '', '555.505.050-50', '1650581', 'imprensa', 0, 0, '0000-00-00 00:00:00', 0, ''),
	(223, 'Bruna Rezende dos Santos', 'brunasantosc15@gmail.com', 'Rua Londrinha, 5711, Vila São Francisco Norte', 'Teresina', 'Piauí', 'Brasil', '64.000-000', 'profissional', NULL, 'Vende Publicidade', '(86) 8849-0916', '0000-00-00', '2011-06-05 08:50:16', 1, '2011-06-05 10:28:31', '', '037.381.583-24', '2910623', 'inscrito', 0, 0, '0000-00-00 00:00:00', 0, ''),
	(224, 'Sara Mara Fortes Albuquerque', 'sarinha@gmail.com', 'Rua Clarindo Bastos, 1731, Bairro dos Noivos', 'Teresina', 'Piauí', 'Brasil', '64.000-000', 'estudante', 'Não tem', NULL, '(86) 9425-6000', '0000-00-00', '2011-06-05 08:52:25', 0, NULL, 'saracastro', '629.766.213-34', '1977692', 'inscrito', 0, 0, '2011-06-05 08:52:25', 0, ''),
	(225, 'Samuel Lima Oliveira', 'samueu@hotmail.com', 'Rua Miguel, 191, Cond. Luis do Rêgo', 'Teresina', 'Piauí', 'Brasil', '64.480-330', 'estudante', 'Não tem', NULL, '(86) 9455-1172', '0000-00-00', '2011-06-05 10:07:23', 1, '2011-06-05 10:07:40', '', '015.267.133-14', '3050217', 'inscrito', 0, 0, '2011-06-05 10:07:23', 0, ''),
	(226, 'Geovanna Geraldinne Portela de Sousa ', 'xxxx@xxxx.com', 'Rua Des. Adalberto Correia Lima, 711, Ininga', 'Teresina', 'Piauí', 'Brasil', '64.000-000', 'estudante', 'Mérito D\' Martone', NULL, '(86) 9454-9626', '0000-00-00', '2011-06-05 14:27:34', 0, NULL, '', '090.909.090-90', '90909090', 'inscrito', 0, 0, '2011-06-05 14:27:34', 0, ''),
	(227, 'Evilanne Brandão', 'evilannepink@gmail.com', '', '', '', '', '', '', NULL, NULL, '(86) 8821-1866', '0000-00-00', '2011-06-05 15:22:51', 0, NULL, NULL, '', '', 'inscrito', 0, 0, '2011-06-05 15:22:51', 29, 'Amigo');
/*!40000 ALTER TABLE `cliente` ENABLE KEYS */;


# Dumping structure for table vendepublicida3.enviado
CREATE TABLE IF NOT EXISTS `enviado` (
  `id` int(11) NOT NULL AUTO_INCREMENT,
  `sms_id` int(11) NOT NULL,
  `usuario_id_destinatario` int(11) NOT NULL,
  `status` int(11) NOT NULL,
  PRIMARY KEY (`id`)
) ENGINE=InnoDB AUTO_INCREMENT=408 DEFAULT CHARSET=utf8;

# Dumping data for table vendepublicida3.enviado: ~329 rows (approximately)
/*!40000 ALTER TABLE `enviado` DISABLE KEYS */;
REPLACE INTO `enviado` (`id`, `sms_id`, `usuario_id_destinatario`, `status`) VALUES
	(79, 32, 32, 0),
	(80, 33, 33, 0),
	(81, 16, 34, 0),
	(82, 17, 35, 0),
	(83, 18, 36, 0),
	(84, 19, 37, 0),
	(85, 20, 38, 0),
	(86, 21, 39, 0),
	(87, 22, 40, 0),
	(88, 23, 41, 0),
	(89, 24, 42, 0),
	(90, 25, 43, 0),
	(91, 26, 44, 0),
	(92, 27, 45, 0),
	(93, 28, 46, 0),
	(94, 29, 47, 0),
	(95, 30, 48, 0),
	(96, 31, 49, 0),
	(97, 32, 50, 0),
	(98, 33, 51, 0),
	(99, 34, 52, 0),
	(100, 35, 53, 0),
	(101, 36, 54, 0),
	(102, 37, 55, 0),
	(103, 38, 56, 0),
	(104, 39, 57, 0),
	(105, 40, 58, 0),
	(106, 41, 59, 0),
	(107, 42, 60, 0),
	(108, 43, 61, 0),
	(109, 44, 62, 0),
	(110, 45, 63, 0),
	(111, 46, 64, 0),
	(112, 47, 65, 0),
	(113, 48, 66, 0),
	(114, 49, 67, 0),
	(115, 50, 68, 0),
	(116, 51, 69, 0),
	(117, 52, 70, 0),
	(118, 53, 71, 0),
	(119, 0, 165, 0),
	(120, 0, 166, 0),
	(121, 0, 167, 0),
	(122, 0, 168, 0),
	(123, 0, 146, 0),
	(124, 0, 160, 0),
	(125, 0, 161, 0),
	(126, 0, 162, 0),
	(127, 0, 163, 0),
	(128, 0, 164, 0),
	(129, 0, 165, 0),
	(130, 0, 166, 0),
	(131, 0, 167, 0),
	(132, 0, 168, 0),
	(133, 0, 169, 0),
	(134, 0, 159, 0),
	(135, 0, 158, 0),
	(136, 0, 147, 0),
	(137, 0, 148, 0),
	(138, 0, 149, 0),
	(139, 0, 150, 0),
	(140, 0, 151, 0),
	(141, 0, 152, 0),
	(142, 0, 153, 0),
	(143, 0, 154, 0),
	(144, 0, 156, 0),
	(145, 0, 157, 0),
	(146, 0, 170, 0),
	(147, 0, 171, 0),
	(148, 0, 172, 0),
	(149, 0, 188, 0),
	(150, 0, 189, 0),
	(151, 0, 191, 0),
	(152, 0, 194, 0),
	(153, 0, 195, 0),
	(154, 0, 196, 0),
	(155, 0, 197, 0),
	(156, 0, 198, 0),
	(157, 0, 199, 0),
	(158, 0, 200, 0),
	(159, 0, 187, 0),
	(160, 0, 186, 0),
	(161, 0, 174, 0),
	(162, 0, 175, 0),
	(163, 0, 176, 0),
	(164, 0, 177, 0),
	(165, 0, 178, 0),
	(166, 0, 179, 0),
	(167, 0, 180, 0),
	(168, 0, 181, 0),
	(169, 0, 183, 0),
	(170, 0, 185, 0),
	(171, 0, 201, 0),
	(172, 0, 145, 0),
	(173, 0, 32, 0),
	(174, 0, 55, 0),
	(175, 0, 56, 0),
	(176, 0, 57, 0),
	(177, 0, 58, 0),
	(178, 0, 59, 0),
	(179, 0, 60, 0),
	(180, 0, 62, 0),
	(181, 0, 64, 0),
	(182, 0, 65, 0),
	(183, 0, 66, 0),
	(184, 0, 54, 0),
	(185, 0, 52, 0),
	(186, 0, 33, 0),
	(187, 0, 34, 0),
	(188, 0, 40, 0),
	(189, 0, 43, 0),
	(190, 0, 44, 0),
	(191, 0, 45, 0),
	(192, 0, 47, 0),
	(193, 0, 48, 0),
	(194, 0, 50, 0),
	(195, 0, 51, 0),
	(196, 0, 112, 0),
	(197, 0, 113, 0),
	(198, 0, 114, 0),
	(199, 0, 129, 0),
	(200, 0, 132, 0),
	(201, 0, 135, 0),
	(202, 0, 137, 0),
	(203, 0, 138, 0),
	(204, 0, 139, 0),
	(205, 0, 140, 0),
	(206, 0, 141, 0),
	(207, 0, 142, 0),
	(208, 0, 143, 0),
	(209, 0, 127, 0),
	(210, 0, 126, 0),
	(211, 0, 116, 0),
	(212, 0, 117, 0),
	(213, 0, 118, 0),
	(214, 0, 119, 0),
	(215, 0, 120, 0),
	(216, 0, 121, 0),
	(217, 0, 122, 0),
	(218, 0, 123, 0),
	(219, 0, 124, 0),
	(220, 0, 125, 0),
	(221, 0, 144, 0),
	(222, 0, 154, 0),
	(223, 0, 171, 0),
	(224, 0, 172, 0),
	(225, 0, 174, 0),
	(226, 0, 175, 0),
	(227, 0, 176, 0),
	(228, 0, 177, 0),
	(229, 0, 178, 0),
	(230, 0, 179, 0),
	(231, 0, 180, 0),
	(232, 0, 170, 0),
	(233, 0, 169, 0),
	(234, 0, 168, 0),
	(235, 0, 156, 0),
	(236, 0, 157, 0),
	(237, 0, 158, 0),
	(238, 0, 159, 0),
	(239, 0, 160, 0),
	(240, 0, 162, 0),
	(241, 0, 163, 0),
	(242, 0, 164, 0),
	(243, 0, 166, 0),
	(244, 0, 181, 0),
	(245, 0, 183, 0),
	(246, 0, 201, 0),
	(247, 0, 205, 0),
	(248, 0, 206, 0),
	(249, 0, 207, 0),
	(250, 0, 208, 0),
	(251, 0, 210, 0),
	(252, 0, 211, 0),
	(253, 0, 212, 0),
	(254, 0, 213, 0),
	(255, 0, 200, 0),
	(256, 0, 199, 0),
	(257, 0, 198, 0),
	(258, 0, 185, 0),
	(259, 0, 186, 0),
	(260, 0, 187, 0),
	(261, 0, 188, 0),
	(262, 0, 189, 0),
	(263, 0, 191, 0),
	(264, 0, 194, 0),
	(265, 0, 195, 0),
	(266, 0, 197, 0),
	(267, 0, 214, 0),
	(268, 0, 153, 0),
	(269, 0, 32, 0),
	(270, 0, 60, 0),
	(271, 0, 62, 0),
	(272, 0, 64, 0),
	(273, 0, 65, 0),
	(274, 0, 113, 0),
	(275, 0, 114, 0),
	(276, 0, 118, 0),
	(277, 0, 119, 0),
	(278, 0, 120, 0),
	(279, 0, 59, 0),
	(280, 0, 58, 0),
	(281, 0, 55, 0),
	(282, 0, 33, 0),
	(283, 0, 34, 0),
	(284, 0, 40, 0),
	(285, 0, 43, 0),
	(286, 0, 44, 0),
	(287, 0, 45, 0),
	(288, 0, 47, 0),
	(289, 0, 51, 0),
	(290, 0, 52, 0),
	(291, 0, 121, 0),
	(292, 0, 122, 0),
	(293, 0, 142, 0),
	(294, 0, 143, 0),
	(295, 0, 144, 0),
	(296, 0, 145, 0),
	(297, 0, 146, 0),
	(298, 0, 147, 0),
	(299, 0, 148, 0),
	(300, 0, 149, 0),
	(301, 0, 150, 0),
	(302, 0, 141, 0),
	(303, 0, 140, 0),
	(304, 0, 139, 0),
	(305, 0, 123, 0),
	(306, 0, 124, 0),
	(307, 0, 125, 0),
	(308, 0, 126, 0),
	(309, 0, 127, 0),
	(310, 0, 129, 0),
	(311, 0, 135, 0),
	(312, 0, 137, 0),
	(313, 0, 138, 0),
	(314, 0, 152, 0),
	(315, 0, 154, 0),
	(316, 0, 171, 0),
	(317, 0, 172, 0),
	(318, 0, 174, 0),
	(319, 0, 175, 0),
	(320, 0, 176, 0),
	(321, 0, 177, 0),
	(322, 0, 178, 0),
	(323, 0, 179, 0),
	(324, 0, 180, 0),
	(325, 0, 170, 0),
	(326, 0, 169, 0),
	(327, 0, 168, 0),
	(328, 0, 156, 0),
	(329, 0, 157, 0),
	(330, 0, 158, 0),
	(331, 0, 159, 0),
	(332, 0, 160, 0),
	(333, 0, 162, 0),
	(334, 0, 163, 0),
	(335, 0, 164, 0),
	(336, 0, 166, 0),
	(337, 0, 181, 0),
	(338, 0, 183, 0),
	(339, 0, 201, 0),
	(340, 0, 205, 0),
	(341, 0, 206, 0),
	(342, 0, 207, 0),
	(343, 0, 208, 0),
	(344, 0, 210, 0),
	(345, 0, 211, 0),
	(346, 0, 212, 0),
	(347, 0, 213, 0),
	(348, 0, 200, 0),
	(349, 0, 199, 0),
	(350, 0, 198, 0),
	(351, 0, 185, 0),
	(352, 0, 186, 0),
	(353, 0, 187, 0),
	(354, 0, 188, 0),
	(355, 0, 189, 0),
	(356, 0, 191, 0),
	(357, 0, 194, 0),
	(358, 0, 195, 0),
	(359, 0, 197, 0),
	(360, 0, 214, 0),
	(361, 0, 153, 0),
	(362, 0, 32, 0),
	(363, 0, 60, 0),
	(364, 0, 62, 0),
	(365, 0, 64, 0),
	(366, 0, 65, 0),
	(367, 0, 113, 0),
	(368, 0, 114, 0),
	(369, 0, 118, 0),
	(370, 0, 119, 0),
	(371, 0, 120, 0),
	(372, 0, 59, 0),
	(373, 0, 58, 0),
	(374, 0, 55, 0),
	(375, 0, 33, 0),
	(376, 0, 34, 0),
	(377, 0, 40, 0),
	(378, 0, 43, 0),
	(379, 0, 44, 0),
	(380, 0, 45, 0),
	(381, 0, 47, 0),
	(382, 0, 51, 0),
	(383, 0, 52, 0),
	(384, 0, 121, 0),
	(385, 0, 122, 0),
	(386, 0, 142, 0),
	(387, 0, 143, 0),
	(388, 0, 144, 0),
	(389, 0, 145, 0),
	(390, 0, 146, 0),
	(391, 0, 147, 0),
	(392, 0, 148, 0),
	(393, 0, 149, 0),
	(394, 0, 150, 0),
	(395, 0, 141, 0),
	(396, 0, 140, 0),
	(397, 0, 139, 0),
	(398, 0, 123, 0),
	(399, 0, 124, 0),
	(400, 0, 125, 0),
	(401, 0, 126, 0),
	(402, 0, 127, 0),
	(403, 0, 129, 0),
	(404, 0, 135, 0),
	(405, 0, 137, 0),
	(406, 0, 138, 0),
	(407, 0, 152, 0);
/*!40000 ALTER TABLE `enviado` ENABLE KEYS */;


# Dumping structure for table vendepublicida3.grupo
CREATE TABLE IF NOT EXISTS `grupo` (
  `id` int(10) NOT NULL AUTO_INCREMENT,
  `nome` varchar(50) DEFAULT '0',
  `usuario_id_criacao` int(11) DEFAULT '0',
  `usuario_id_atualizacao` int(11) DEFAULT '0',
  `deletado` int(11) DEFAULT '0',
  `usuario_id_deletado` int(11) DEFAULT '0',
  `data_deletado` datetime DEFAULT NULL,
  `data_criacao` datetime DEFAULT NULL,
  `data_atualizacao` datetime DEFAULT NULL,
  PRIMARY KEY (`id`)
) ENGINE=InnoDB AUTO_INCREMENT=30 DEFAULT CHARSET=utf8;

# Dumping data for table vendepublicida3.grupo: ~3 rows (approximately)
/*!40000 ALTER TABLE `grupo` DISABLE KEYS */;
REPLACE INTO `grupo` (`id`, `nome`, `usuario_id_criacao`, `usuario_id_atualizacao`, `deletado`, `usuario_id_deletado`, `data_deletado`, `data_criacao`, `data_atualizacao`) VALUES
	(27, 'IFPI', 1, 1, 0, NULL, '2011-06-02 16:34:08', '2011-06-02 16:34:08', '2011-06-02 16:34:08'),
	(28, 'Vende Publicidade', 1, 1, 0, NULL, '2011-06-02 20:23:32', '2011-06-02 20:23:32', '2011-06-02 20:23:32'),
	(29, 'Amigo', 1, 1, 0, NULL, '2011-06-05 15:22:43', '2011-06-05 15:22:43', '2011-06-05 15:22:43');
/*!40000 ALTER TABLE `grupo` ENABLE KEYS */;


# Dumping structure for table vendepublicida3.sms
CREATE TABLE IF NOT EXISTS `sms` (
  `id` int(11) NOT NULL AUTO_INCREMENT,
  `mensagem` text NOT NULL,
  `usuario_id_envio` int(11) NOT NULL,
  `data_envio` datetime NOT NULL,
  PRIMARY KEY (`id`)
) ENGINE=InnoDB AUTO_INCREMENT=54 DEFAULT CHARSET=utf8;

# Dumping data for table vendepublicida3.sms: ~38 rows (approximately)
/*!40000 ALTER TABLE `sms` DISABLE KEYS */;
REPLACE INTO `sms` (`id`, `mensagem`, `usuario_id_envio`, `data_envio`) VALUES
	(16, 'Sr. Susyanne, obrigado por se inscrever! Estamos aguardando o pagamento de sua inscricao =].', 0, '2011-05-19 09:04:06'),
	(17, 'Sr. teste, obrigado por se inscrever! Estamos aguardando o pagamento de sua inscricao =].', 0, '2011-05-19 10:11:42'),
	(18, 'Sr. Geovannia, obrigado por se inscrever! Estamos aguardando o pagamento de sua inscricao =].', 0, '2011-05-19 10:17:02'),
	(19, 'Sr. Teste, obrigado por se inscrever! Estamos aguardando o pagamento de sua inscricao =].', 0, '2011-05-19 10:42:00'),
	(20, 'Sr. Teste23, obrigado por se inscrever! Estamos aguardando o pagamento de sua inscricao =].', 0, '2011-05-19 11:01:01'),
	(21, 'Sr. teste, obrigado por se inscrever! Estamos aguardando o pagamento de sua inscricao =].', 0, '2011-05-19 11:02:48'),
	(22, 'Sr. ', 0, '2011-05-19 11:46:43'),
	(23, 'Sr. Daniel, obrigado por se inscrever! Estamos aguardando o pagamento de sua inscricao =].', 0, '2011-05-19 12:42:17'),
	(24, 'Sr. M', 0, '2011-05-19 14:06:11'),
	(25, 'Sr. Jo', 0, '2011-05-19 14:37:19'),
	(26, 'Sr. Bruno, obrigado por se inscrever! Estamos aguardando o pagamento de sua inscricao =].', 0, '2011-05-19 14:45:32'),
	(27, 'Sr. Rafael, obrigado por se inscrever! Estamos aguardando o pagamento de sua inscricao =].', 0, '2011-05-19 14:52:48'),
	(28, 'Sr. Nallyne, obrigado por se inscrever! Estamos aguardando o pagamento de sua inscricao =].', 0, '2011-05-19 15:13:30'),
	(29, 'Sr. Cicero, obrigado por se inscrever! Estamos aguardando o pagamento de sua inscricao =].', 0, '2011-05-19 15:43:48'),
	(30, 'Sr. AUGUSTO, obrigado por se inscrever! Estamos aguardando o pagamento de sua inscricao =].', 0, '2011-05-19 16:51:41'),
	(31, 'Sr. Danilo, obrigado por se inscrever! Estamos aguardando o pagamento de sua inscricao =].', 0, '2011-05-19 21:28:41'),
	(32, 'Sr. Daniel, obrigado por se inscrever! Estamos aguardando o pagamento de sua inscricao =].', 0, '2011-05-19 21:42:25'),
	(33, 'Sr. rafael, obrigado por se inscrever! Estamos aguardando o pagamento de sua inscricao =].', 0, '2011-05-20 16:44:43'),
	(34, 'Sr. Francisco, obrigado por se inscrever! Estamos aguardando o pagamento de sua inscricao =].', 0, '2011-05-20 16:50:17'),
	(35, 'Sr. C', 0, '2011-05-20 19:00:29'),
	(36, 'Sr. ADRIANO, obrigado por se inscrever! Estamos aguardando o pagamento de sua inscricao =].', 0, '2011-05-21 10:34:46'),
	(37, 'Sr. Robert, obrigado por se inscrever! Estamos aguardando o pagamento de sua inscricao =].', 0, '2011-05-21 18:30:50'),
	(38, 'Sr. JOSE, obrigado por se inscrever! Estamos aguardando o pagamento de sua inscricao =].', 0, '2011-05-23 23:31:04'),
	(39, 'Sr. Phillipe, obrigado por se inscrever! Estamos aguardando o pagamento de sua inscricao =].', 0, '2011-05-24 11:42:05'),
	(40, 'Sr. LEANDRO, obrigado por se inscrever! Estamos aguardando o pagamento de sua inscricao =].', 0, '2011-05-24 17:04:21'),
	(41, 'Sr. GEOVANNIA, obrigado por se inscrever! Estamos aguardando o pagamento de sua inscricao =].', 0, '2011-05-25 10:02:13'),
	(42, 'Sr. R', 0, '2011-05-25 10:48:18'),
	(43, 'Sr. Paulo, obrigado por se inscrever! Estamos aguardando o pagamento de sua inscricao =].', 0, '2011-05-25 11:45:53'),
	(44, 'Sr. Paulo, obrigado por se inscrever! Estamos aguardando o pagamento de sua inscricao =].', 0, '2011-05-25 12:33:20'),
	(45, 'Sr. SHIRLEY, obrigado por se inscrever! Estamos aguardando o pagamento de sua inscricao =].', 0, '2011-05-25 15:30:49'),
	(46, 'Sr. Daniellen, obrigado por se inscrever! Estamos aguardando o pagamento de sua inscricao =].', 0, '2011-05-25 17:08:20'),
	(47, 'Sr. vilsselle, obrigado por se inscrever! Estamos aguardando o pagamento de sua inscricao =].', 0, '2011-05-25 19:14:49'),
	(48, 'Sr. RAFAEL, obrigado por se inscrever! Estamos aguardando o pagamento de sua inscricao =].', 0, '2011-05-25 19:18:56'),
	(49, 'Sr. Eduardo, obrigado por se inscrever! Estamos aguardando o pagamento de sua inscricao =].', 0, '2011-05-25 20:30:52'),
	(50, 'Sr. Teste, obrigado por se inscrever! Estamos aguardando o pagamento de sua inscricao =].', 0, '2011-05-26 00:19:27'),
	(51, 'Sr. Teste, obrigado por se inscrever! Estamos aguardando o pagamento de sua inscricao =].', 0, '2011-05-26 00:20:46'),
	(52, 'Sr. Teste, obrigado por se inscrever! Estamos aguardando o pagamento de sua inscricao =].', 0, '2011-05-26 00:21:24'),
	(53, 'Sr. Teste, obrigado por se inscrever! Estamos aguardando o pagamento de sua inscricao =].', 0, '2011-05-26 00:22:06');
/*!40000 ALTER TABLE `sms` ENABLE KEYS */;


# Dumping structure for table vendepublicida3.usuario
CREATE TABLE IF NOT EXISTS `usuario` (
  `id` int(11) NOT NULL AUTO_INCREMENT,
  `nome` varchar(45) DEFAULT NULL,
  `login` varchar(45) DEFAULT NULL,
  `senha` varchar(45) DEFAULT NULL,
  `regra` varchar(45) DEFAULT NULL,
  `email` varchar(45) DEFAULT NULL,
  `tel` varchar(45) DEFAULT NULL,
  `data_criacao` datetime DEFAULT NULL,
  `data_atualizacao` datetime DEFAULT NULL,
  `deletado` int(11) DEFAULT NULL,
  `usuario_id_atualizacao` int(11) DEFAULT NULL,
  `ultimo_acesso` datetime DEFAULT NULL,
  `usuario_id_criacao` int(11) DEFAULT NULL,
  `data_deletado` datetime DEFAULT NULL,
  `usuario_id_deletado` int(11) DEFAULT NULL,
  PRIMARY KEY (`id`),
  KEY `fk_usuario_usuario1` (`usuario_id_atualizacao`),
  KEY `fk_usuario_usuario2` (`usuario_id_criacao`),
  CONSTRAINT `fk_usuario_usuario1` FOREIGN KEY (`usuario_id_atualizacao`) REFERENCES `usuario` (`id`) ON DELETE NO ACTION ON UPDATE NO ACTION,
  CONSTRAINT `fk_usuario_usuario2` FOREIGN KEY (`usuario_id_criacao`) REFERENCES `usuario` (`id`) ON DELETE NO ACTION ON UPDATE NO ACTION
) ENGINE=InnoDB AUTO_INCREMENT=6 DEFAULT CHARSET=utf8;

# Dumping data for table vendepublicida3.usuario: ~5 rows (approximately)
/*!40000 ALTER TABLE `usuario` DISABLE KEYS */;
REPLACE INTO `usuario` (`id`, `nome`, `login`, `senha`, `regra`, `email`, `tel`, `data_criacao`, `data_atualizacao`, `deletado`, `usuario_id_atualizacao`, `ultimo_acesso`, `usuario_id_criacao`, `data_deletado`, `usuario_id_deletado`) VALUES
	(1, 'Cândido Sales', 'candidosales', 'candidoadmin', 'administrador', 'c@gmail.com', '(566) 6664-5645', '2011-01-20 19:07:38', '2011-02-04 15:56:21', 0, 1, NULL, 1, NULL, NULL),
	(2, 'X', 'x', 'x', 'usuario', 'x@gmail.com', '(454) 5444-5454', '2011-01-27 08:53:22', '2011-02-04 16:04:40', 1, 1, '2011-01-27 08:53:22', 1, '2011-02-04 16:04:40', 1),
	(3, 'K', 'k', '12345', 'usuario', 'k@gmail.com', '(086) 8888-8888', '2011-02-04 16:02:20', '2011-02-04 16:05:12', 1, 1, '2011-02-04 16:02:20', 2, '2011-02-04 16:05:12', 1),
	(4, 'SINAPRO', 'sinapropi', 'sinapropiaui', 'administrador', 'candidosg@vendepublicidade.com.br', '(868) 9933-5216', '2011-05-18 16:02:57', '2011-05-18 16:02:57', 0, 1, '2011-05-18 16:02:57', 1, '2011-05-18 16:02:57', NULL),
	(5, 'Vende Publicidade', 'vendepub', '123987', 'assistente', 'candidosg@gmail.com', '(086) 9933-5216', '2011-05-30 16:50:06', '2011-05-30 16:50:06', 0, 1, '2011-05-30 16:50:06', 1, '2011-05-30 16:50:06', NULL);
/*!40000 ALTER TABLE `usuario` ENABLE KEYS */;
/*!40101 SET SQL_MODE=@OLD_SQL_MODE */;
/*!40014 SET FOREIGN_KEY_CHECKS=@OLD_FOREIGN_KEY_CHECKS */;
/*!40101 SET CHARACTER_SET_CLIENT=@OLD_CHARACTER_SET_CLIENT */;
